flight_number,date_utc,year,launch_site,site_region,site_locality,site_lat,site_lon,rocket_name,core_serial,booster_block,landing_outcome,launch_success,payload_id,payload_name,payload_mass_kg,orbit,customers,nationalities
6,2010-06-04T18:45:00.000Z,2010,CCSFS SLC 40,Florida,Cape Canaveral,28.5618571,-80.577366,Falcon 9,B0003,1,No attempt,True,5eb0e4b7b6c3bb0006eeb1e7,Dragon Qualification Unit,,LEO,SpaceX,United States
7,2010-12-08T15:43:00.000Z,2010,CCSFS SLC 40,Florida,Cape Canaveral,28.5618571,-80.577366,Falcon 9,B0004,1,No attempt,True,5eb0e4b9b6c3bb0006eeb1e8,COTS Demo Flight 1,,LEO,NASA(COTS),United States
7,2010-12-08T15:43:00.000Z,2010,CCSFS SLC 40,Florida,Cape Canaveral,28.5618571,-80.577366,Falcon 9,B0004,1,No attempt,True,5eb0e4b9b6c3bb0006eeb1e9,Cubesats,,LEO,NRO,
8,2012-05-22T07:44:00.000Z,2012,CCSFS SLC 40,Florida,Cape Canaveral,28.5618571,-80.577366,Falcon 9,B0005,1,No attempt,True,5eb0e4bab6c3bb0006eeb1ea,COTS Demo Flight 2,525.0,LEO,NASA(COTS),United States
9,2012-10-08T00:35:00.000Z,2012,CCSFS SLC 40,Florida,Cape Canaveral,28.5618571,-80.577366,Falcon 9,B0006,1,No attempt,True,5eb0e4bab6c3bb0006eeb1eb,CRS-1,400.0,ISS,NASA (CRS),United States
9,2012-10-08T00:35:00.000Z,2012,CCSFS SLC 40,Florida,Cape Canaveral,28.5618571,-80.577366,Falcon 9,B0006,1,No attempt,True,5eb0e4bab6c3bb0006eeb1ec,Orbcomm-OG2,400.0,LEO,Orbcomm,
10,2013-03-01T19:10:00.000Z,2013,CCSFS SLC 40,Florida,Cape Canaveral,28.5618571,-80.577366,Falcon 9,B0007,1,No attempt,True,5eb0e4bbb6c3bb0006eeb1ed,CRS-2,677.0,ISS,NASA (CRS),United States
11,2013-09-29T16:00:00.000Z,2013,VAFB SLC 4E,California,Vandenberg Space Force Base,34.632093,-120.610829,Falcon 9,B1003,1,Failure,True,5eb0e4bbb6c3bb0006eeb1ee,CASSIOPE,500.0,PO,MDA,Canada
12,2013-12-03T22:41:00.000Z,2013,CCSFS SLC 40,Florida,Cape Canaveral,28.5618571,-80.577366,Falcon 9,B1004,1,No attempt,True,5eb0e4bbb6c3bb0006eeb1ef,SES-8,3170.0,GTO,SES,Luxembourg
13,2014-01-06T18:06:00.000Z,2014,CCSFS SLC 40,Florida,Cape Canaveral,28.5618571,-80.577366,Falcon 9,B1005,1,No attempt,True,5eb0e4bbb6c3bb0006eeb1f0,Thaicom 6,3325.0,GTO,Thaicom,Thailand
14,2014-04-18T19:25:00.000Z,2014,CCSFS SLC 40,Florida,Cape Canaveral,28.5618571,-80.577366,Falcon 9,B1006,1,Success,True,5eb0e4bbb6c3bb0006eeb1f1,CRS-3,2296.0,ISS,NASA (CRS),United States
15,2014-07-14T15:15:00.000Z,2014,CCSFS SLC 40,Florida,Cape Canaveral,28.5618571,-80.577366,Falcon 9,B1007,1,Success,True,5eb0e4bcb6c3bb0006eeb1f2,Orbcomm-OG2-M1,1316.0,LEO,Orbcomm,United States
16,2014-08-05T08:00:00.000Z,2014,CCSFS SLC 40,Florida,Cape Canaveral,28.5618571,-80.577366,Falcon 9,B1008,1,No attempt,True,5eb0e4bcb6c3bb0006eeb1f3,AsiaSat 8,4535.0,GTO,AsiaSat,Hong Kong
17,2014-09-07T05:00:00.000Z,2014,CCSFS SLC 40,Florida,Cape Canaveral,28.5618571,-80.577366,Falcon 9,B1011,1,No attempt,True,5eb0e4bcb6c3bb0006eeb1f4,AsiaSat 6,4428.0,GTO,AsiaSat,Hong Kong
18,2014-09-21T05:52:00.000Z,2014,CCSFS SLC 40,Florida,Cape Canaveral,28.5618571,-80.577366,Falcon 9,B1010,1,Failure,True,5eb0e4bcb6c3bb0006eeb1f5,CRS-4,2216.0,ISS,NASA (CRS),United States
19,2015-01-10T09:47:00.000Z,2015,CCSFS SLC 40,Florida,Cape Canaveral,28.5618571,-80.577366,Falcon 9,B1012,1,Failure (drone ship),True,5eb0e4bdb6c3bb0006eeb1f6,CRS-5,2395.0,ISS,NASA (CRS),United States
20,2015-02-11T23:03:00.000Z,2015,CCSFS SLC 40,Florida,Cape Canaveral,28.5618571,-80.577366,Falcon 9,B1013,1,Success,True,5eb0e4bdb6c3bb0006eeb1f7,DSCOVR,570.0,ES-L1,"NASA, NOAA, USAF",United States
21,2015-03-02T03:50:00.000Z,2015,CCSFS SLC 40,Florida,Cape Canaveral,28.5618571,-80.577366,Falcon 9,B1014,1,No attempt,True,5eb0e4bdb6c3bb0006eeb1f8,ABS-3A,1954.0,GTO,ABS,Hong Kong
21,2015-03-02T03:50:00.000Z,2015,CCSFS SLC 40,Florida,Cape Canaveral,28.5618571,-80.577366,Falcon 9,B1014,1,No attempt,True,5eb0e4bdb6c3bb0006eeb1f9,Eutelsat 115 West B,2205.0,GTO,Eutelsat,France
22,2015-04-14T20:10:00.000Z,2015,CCSFS SLC 40,Florida,Cape Canaveral,28.5618571,-80.577366,Falcon 9,B1015,1,Failure (drone ship),True,5eb0e4bdb6c3bb0006eeb1fa,CRS-6,1898.0,ISS,NASA (CRS),United States
23,2015-04-27T23:03:00.000Z,2015,CCSFS SLC 40,Florida,Cape Canaveral,28.5618571,-80.577366,Falcon 9,B1016,1,No attempt,True,5eb0e4beb6c3bb0006eeb1fb,TürkmenÄlem 52°E / MonacoSAT,4707.0,GTO,Turkmenistan National Space Agency,Turkmenistan
24,2015-06-28T14:21:00.000Z,2015,CCSFS SLC 40,Florida,Cape Canaveral,28.5618571,-80.577366,Falcon 9,B1018,1,Unknown,False,5eb0e4beb6c3bb0006eeb1fc,CRS-7,2477.0,ISS,NASA (CRS),United States
25,2015-12-22T01:29:00.000Z,2015,CCSFS SLC 40,Florida,Cape Canaveral,28.5618571,-80.577366,Falcon 9,B1019,1,Success (ground pad),True,5eb0e4beb6c3bb0006eeb1fd,Orbcomm-OG2-M2,2034.0,LEO,Orbcomm,United States
26,2016-01-17T15:42:00.000Z,2016,VAFB SLC 4E,California,Vandenberg Space Force Base,34.632093,-120.610829,Falcon 9,B1017,1,Failure (drone ship),True,5eb0e4beb6c3bb0006eeb1fe,Jason-3,553.0,PO,"NASA, NOAA",United States
27,2016-03-04T23:35:00.000Z,2016,CCSFS SLC 40,Florida,Cape Canaveral,28.5618571,-80.577366,Falcon 9,B1020,1,Failure (drone ship),True,5eb0e4beb6c3bb0006eeb1ff,SES-9,5271.0,GTO,SES,Luxembourg
28,2016-04-08T20:43:00.000Z,2016,CCSFS SLC 40,Florida,Cape Canaveral,28.5618571,-80.577366,Falcon 9,B1021,2,Success (drone ship),True,5eb0e4bfb6c3bb0006eeb200,CRS-8,3136.0,ISS,NASA (CRS),United States
29,2016-05-06T05:21:00.000Z,2016,CCSFS SLC 40,Florida,Cape Canaveral,28.5618571,-80.577366,Falcon 9,B1022,2,Success (drone ship),True,5eb0e4bfb6c3bb0006eeb201,JCSAT-2B,4696.0,GTO,SKY Perfect JSAT Group,Japan
30,2016-05-27T21:39:00.000Z,2016,CCSFS SLC 40,Florida,Cape Canaveral,28.5618571,-80.577366,Falcon 9,B1023,2,Success (drone ship),True,5eb0e4bfb6c3bb0006eeb202,Thaicom 8,3100.0,GTO,Thaicom,Thailand
31,2016-06-15T14:29:00.000Z,2016,CCSFS SLC 40,Florida,Cape Canaveral,28.5618571,-80.577366,Falcon 9,B1024,2,Failure (drone ship),True,5eb0e4bfb6c3bb0006eeb203,ABS-2A,1800.0,GTO,ABS,Hong Kong
31,2016-06-15T14:29:00.000Z,2016,CCSFS SLC 40,Florida,Cape Canaveral,28.5618571,-80.577366,Falcon 9,B1024,2,Failure (drone ship),True,5eb0e4bfb6c3bb0006eeb204,Eutelsat 117 West B,1800.0,GTO,Eutelsat,France
32,2016-07-18T04:45:00.000Z,2016,CCSFS SLC 40,Florida,Cape Canaveral,28.5618571,-80.577366,Falcon 9,B1025,2,Success (ground pad),True,5eb0e4c0b6c3bb0006eeb205,CRS-9,2257.0,ISS,NASA (CRS),United States
33,2016-08-14T05:26:00.000Z,2016,CCSFS SLC 40,Florida,Cape Canaveral,28.5618571,-80.577366,Falcon 9,B1026,2,Success (drone ship),True,5eb0e4c1b6c3bb0006eeb206,JCSAT-16,4600.0,GTO,SKY Perfect JCSAT Group,Japan
34,2016-09-01T13:07:00.000Z,2016,CCSFS SLC 40,Florida,Cape Canaveral,28.5618571,-80.577366,Falcon 9,B1028,3,Unknown,False,5eb0e4c1b6c3bb0006eeb207,Amos-6,5500.0,GTO,Spacecom,Israel
35,2017-01-14T17:54:00.000Z,2017,VAFB SLC 4E,California,Vandenberg Space Force Base,34.632093,-120.610829,Falcon 9,B1029,3,Success (drone ship),True,5eb0e4c2b6c3bb0006eeb208,Iridium NEXT 1,9600.0,PO,Iridium Communications,United States
36,2017-02-19T14:39:00.000Z,2017,KSC LC 39A,Florida,Cape Canaveral,28.6080585,-80.6039558,Falcon 9,B1031,3,Success (ground pad),True,5eb0e4c3b6c3bb0006eeb209,CRS-10,2490.0,ISS,NASA (CRS),United States
37,2017-03-16T06:00:00.000Z,2017,KSC LC 39A,Florida,Cape Canaveral,28.6080585,-80.6039558,Falcon 9,B1030,3,No attempt,True,5eb0e4c3b6c3bb0006eeb20a,EchoStar 23,5600.0,GTO,EchoStar,United States
38,2017-03-30T22:27:00.000Z,2017,KSC LC 39A,Florida,Cape Canaveral,28.6080585,-80.6039558,Falcon 9,B1021,2,Success (drone ship),True,5eb0e4c3b6c3bb0006eeb20b,SES-10,5300.0,GTO,SES,Luxembourg
39,2017-05-01T11:15:00.000Z,2017,KSC LC 39A,Florida,Cape Canaveral,28.6080585,-80.6039558,Falcon 9,B1032,3,Success (ground pad),True,5eb0e4c3b6c3bb0006eeb20c,NROL-76,,LEO,NRO,United States
40,2017-05-15T23:21:00.000Z,2017,KSC LC 39A,Florida,Cape Canaveral,28.6080585,-80.6039558,Falcon 9,B1034,3,No attempt,True,5eb0e4c3b6c3bb0006eeb20d,Inmarsat-5 F4,6070.0,GTO,Inmarsat,United Kingdom
41,2017-06-03T21:07:00.000Z,2017,KSC LC 39A,Florida,Cape Canaveral,28.6080585,-80.6039558,Falcon 9,B1035,3,Success (ground pad),True,5eb0e4c4b6c3bb0006eeb20e,CRS-11,2708.0,ISS,NASA (CRS),United States
42,2017-06-23T19:10:00.000Z,2017,KSC LC 39A,Florida,Cape Canaveral,28.6080585,-80.6039558,Falcon 9,B1029,3,Success (drone ship),True,5eb0e4c4b6c3bb0006eeb20f,BulgariaSat-1,3669.0,GTO,Bulgaria Sat,Bulgaria
43,2017-06-25T20:25:00.000Z,2017,VAFB SLC 4E,California,Vandenberg Space Force Base,34.632093,-120.610829,Falcon 9,B1036,3,Success (drone ship),True,5eb0e4c4b6c3bb0006eeb210,Iridium NEXT 2,9600.0,PO,Iridium Communications,United States
44,2017-07-05T23:35:00.000Z,2017,KSC LC 39A,Florida,Cape Canaveral,28.6080585,-80.6039558,Falcon 9,B1037,3,No attempt,True,5eb0e4c4b6c3bb0006eeb211,Intelsat 35e,6761.0,GTO,Intelsat,United States
45,2017-08-14T16:31:00.000Z,2017,KSC LC 39A,Florida,Cape Canaveral,28.6080585,-80.6039558,Falcon 9,B1039,4,Success (ground pad),True,5eb0e4c4b6c3bb0006eeb212,CRS-12,2910.0,ISS,NASA (CRS),United States
46,2017-08-24T18:50:00.000Z,2017,VAFB SLC 4E,California,Vandenberg Space Force Base,34.632093,-120.610829,Falcon 9,B1038,3,Success (drone ship),True,5eb0e4c4b6c3bb0006eeb213,FormoSat-5,475.0,SSO,NSPO (Taiwan),Taiwan
47,2017-09-07T13:50:00.000Z,2017,KSC LC 39A,Florida,Cape Canaveral,28.6080585,-80.6039558,Falcon 9,B1040,4,Success (ground pad),True,5eb0e4c5b6c3bb0006eeb214,X-37B OTV-5,4990.0,LEO,USAF,United States
48,2017-10-09T12:37:00.000Z,2017,VAFB SLC 4E,California,Vandenberg Space Force Base,34.632093,-120.610829,Falcon 9,B1041,4,Success (drone ship),True,5eb0e4c5b6c3bb0006eeb215,Iridium NEXT 3,9600.0,PO,Iridium Communications,United States
49,2017-10-11T22:53:00.000Z,2017,KSC LC 39A,Florida,Cape Canaveral,28.6080585,-80.6039558,Falcon 9,B1031,3,Success (drone ship),True,5eb0e4c5b6c3bb0006eeb216,SES-11 / Echostar 105,5200.0,GTO,"SES, Echostar",United States
50,2017-10-30T19:34:00.000Z,2017,KSC LC 39A,Florida,Cape Canaveral,28.6080585,-80.6039558,Falcon 9,B1042,4,Success (drone ship),True,5eb0e4c5b6c3bb0006eeb217,KoreaSat 5A,3700.0,GTO,KT Corporation,South Korea
51,2017-12-15T15:36:00.000Z,2017,CCSFS SLC 40,Florida,Cape Canaveral,28.5618571,-80.577366,Falcon 9,B1035,3,Success (ground pad),True,5eb0e4c5b6c3bb0006eeb218,CRS-13,2205.0,ISS,NASA (CRS),United States
52,2017-12-23T01:27:23.000Z,2017,VAFB SLC 4E,California,Vandenberg Space Force Base,34.632093,-120.610829,Falcon 9,B1036,3,Success,True,5eb0e4c6b6c3bb0006eeb219,Iridium NEXT 4,9600.0,PO,Iridium Communications,United States
53,2018-01-08T01:00:00.000Z,2018,CCSFS SLC 40,Florida,Cape Canaveral,28.5618571,-80.577366,Falcon 9,B1043,4,Success (ground pad),True,5eb0e4c6b6c3bb0006eeb21a,ZUMA,,LEO,Northrop Grumman,United States
54,2018-01-31T21:25:00.000Z,2018,CCSFS SLC 40,Florida,Cape Canaveral,28.5618571,-80.577366,Falcon 9,B1032,3,Success,True,5eb0e4c6b6c3bb0006eeb21b,GovSat-1,4230.0,GTO,GovSat,Luxembourg
56,2018-02-22T14:17:00.000Z,2018,VAFB SLC 4E,California,Vandenberg Space Force Base,34.632093,-120.610829,Falcon 9,B1038,3,No attempt,True,5eb0e4c6b6c3bb0006eeb21d,Paz,1350.0,SSO,HisdeSAT,Spain
56,2018-02-22T14:17:00.000Z,2018,VAFB SLC 4E,California,Vandenberg Space Force Base,34.632093,-120.610829,Falcon 9,B1038,3,No attempt,True,5eb0e4c6b6c3bb0006eeb21e,Tintin A & B,800.0,SSO,SpaceX,United States
57,2018-03-06T05:33:00.000Z,2018,CCSFS SLC 40,Florida,Cape Canaveral,28.5618571,-80.577366,Falcon 9,B1044,4,No attempt,True,5eb0e4c7b6c3bb0006eeb21f,Hispasat 30W-6,6092.0,GTO,Hispasat,Spain
58,2018-03-30T14:13:51.000Z,2018,VAFB SLC 4E,California,Vandenberg Space Force Base,34.632093,-120.610829,Falcon 9,B1041,4,No attempt,True,5eb0e4c7b6c3bb0006eeb220,Iridium NEXT 5,9600.0,PO,Iridium Communications,United States
59,2018-04-02T20:30:41.000Z,2018,CCSFS SLC 40,Florida,Cape Canaveral,28.5618571,-80.577366,Falcon 9,B1039,4,No attempt,True,5eb0e4c7b6c3bb0006eeb221,CRS-14,2760.0,ISS,NASA (CRS),United States
60,2018-04-18T22:51:00.000Z,2018,CCSFS SLC 40,Florida,Cape Canaveral,28.5618571,-80.577366,Falcon 9,B1045,4,Success (drone ship),True,5eb0e4c7b6c3bb0006eeb222,TESS,350.0,HEO,NASA,United States
61,2018-05-11T20:14:00.000Z,2018,KSC LC 39A,Florida,Cape Canaveral,28.6080585,-80.6039558,Falcon 9,B1046,5,Success (drone ship),True,5eb0e4c7b6c3bb0006eeb223,Bangabandhu-1,3750.0,GTO,Bangladesh Gov,Bangladesh
62,2018-05-22T19:47:58.000Z,2018,VAFB SLC 4E,California,Vandenberg Space Force Base,34.632093,-120.610829,Falcon 9,B1043,4,No attempt,True,5eb0e4c7b6c3bb0006eeb224,Iridium NEXT 6,4300.0,PO,Iridium Communications,United States
62,2018-05-22T19:47:58.000Z,2018,VAFB SLC 4E,California,Vandenberg Space Force Base,34.632093,-120.610829,Falcon 9,B1043,4,No attempt,True,5eb0e4c8b6c3bb0006eeb225,GRACE-FO 1-2,1160.0,PO,"NASA, DLR",
63,2018-06-04T04:45:00.000Z,2018,CCSFS SLC 40,Florida,Cape Canaveral,28.5618571,-80.577366,Falcon 9,B1040,4,No attempt,True,5eb0e4c8b6c3bb0006eeb226,SES-12,5383.85,GTO,SES,Luxembourg
64,2018-06-29T09:42:00.000Z,2018,CCSFS SLC 40,Florida,Cape Canaveral,28.5618571,-80.577366,Falcon 9,B1045,4,No attempt,True,5eb0e4c8b6c3bb0006eeb227,CRS-15,2410.0,ISS,NASA (CRS),United States
65,2018-07-22T05:50:00.000Z,2018,CCSFS SLC 40,Florida,Cape Canaveral,28.5618571,-80.577366,Falcon 9,B1047,5,Success (drone ship),True,5eb0e4c8b6c3bb0006eeb228,Telstar 19V,7076.0,GTO,Telesat,Canada
66,2018-07-25T11:39:26.000Z,2018,VAFB SLC 4E,California,Vandenberg Space Force Base,34.632093,-120.610829,Falcon 9,B1048,5,Success (drone ship),True,5eb0e4c9b6c3bb0006eeb229,Iridium NEXT 7,9600.0,PO,Iridium Communications,United States
67,2018-08-07T05:18:00.000Z,2018,CCSFS SLC 40,Florida,Cape Canaveral,28.5618571,-80.577366,Falcon 9,B1046,5,Success (drone ship),True,5eb0e4c9b6c3bb0006eeb22a,Telkom-4,5800.0,GTO,Telkom,Indonesia
68,2018-09-10T04:45:00.000Z,2018,CCSFS SLC 40,Florida,Cape Canaveral,28.5618571,-80.577366,Falcon 9,B1049,5,Success (drone ship),True,5eb0e4c9b6c3bb0006eeb22b,Telstar 18V,7060.0,GTO,Telesat,Canada
69,2018-10-08T02:22:00.000Z,2018,VAFB SLC 4E,California,Vandenberg Space Force Base,34.632093,-120.610829,Falcon 9,B1048,5,Success (ground pad),True,5eb0e4c9b6c3bb0006eeb22c,SAOCOM 1A,2800.0,SSO,CONAE,Argentina
70,2018-11-15T20:46:00.000Z,2018,KSC LC 39A,Florida,Cape Canaveral,28.6080585,-80.6039558,Falcon 9,B1047,5,Success (drone ship),True,5eb0e4c9b6c3bb0006eeb22d,Es’hail 2,3000.0,GTO,Es’hailSat,Qatar
71,2018-12-03T18:34:00.000Z,2018,VAFB SLC 4E,California,Vandenberg Space Force Base,34.632093,-120.610829,Falcon 9,B1046,5,Success (drone ship),True,5eb0e4c9b6c3bb0006eeb22e,SSO-A,4000.0,SSO,"Spaceflight Industries, Inc",United States
72,2018-12-05T18:16:00.000Z,2018,CCSFS SLC 40,Florida,Cape Canaveral,28.5618571,-80.577366,Falcon 9,B1050,5,Failure (ground pad),True,5eb0e4cab6c3bb0006eeb22f,CRS-16,2573.0,ISS,NASA (CRS),United States
73,2018-12-23T13:51:00.000Z,2018,CCSFS SLC 40,Florida,Cape Canaveral,28.5618571,-80.577366,Falcon 9,B1054,5,No attempt,True,5eb0e4cab6c3bb0006eeb230,GPS III SV01,4400.0,MEO,USAF,United States
74,2019-01-11T15:31:00.000Z,2019,VAFB SLC 4E,California,Vandenberg Space Force Base,34.632093,-120.610829,Falcon 9,B1049,5,Success (drone ship),True,5eb0e4cab6c3bb0006eeb231,Iridium NEXT 8,9600.0,PO,Iridium Communications,United States
75,2019-02-22T01:45:00.000Z,2019,CCSFS SLC 40,Florida,Cape Canaveral,28.5618571,-80.577366,Falcon 9,B1048,5,Success (drone ship),True,5eb0e4cab6c3bb0006eeb232,Nusantara Satu (PSN-6),5000.0,GTO,Pasifik Satelit Nusantara,Indonesia
75,2019-02-22T01:45:00.000Z,2019,CCSFS SLC 40,Florida,Cape Canaveral,28.5618571,-80.577366,Falcon 9,B1048,5,Success (drone ship),True,5eb0e4cab6c3bb0006eeb233,S5,60.0,GTO,Air Force Research Laboratory,United States
75,2019-02-22T01:45:00.000Z,2019,CCSFS SLC 40,Florida,Cape Canaveral,28.5618571,-80.577366,Falcon 9,B1048,5,Success (drone ship),True,5eb0e4cab6c3bb0006eeb234,Beresheet,585.0,GTO,SpaceIL,Israel
76,2019-03-02T07:45:00.000Z,2019,KSC LC 39A,Florida,Cape Canaveral,28.6080585,-80.6039558,Falcon 9,B1051,5,Success (drone ship),True,5eb0e4cbb6c3bb0006eeb235,CCtCap Demo Mission 1,12259.0,ISS,NASA (CCtCap),United States
78,2019-05-04T06:48:00.000Z,2019,CCSFS SLC 40,Florida,Cape Canaveral,28.5618571,-80.577366,Falcon 9,B1056,5,Success (drone ship),True,5eb0e4cbb6c3bb0006eeb237,CRS-17,2482.0,ISS,NASA (CRS),United States
79,2019-05-24T02:30:00.000Z,2019,CCSFS SLC 40,Florida,Cape Canaveral,28.5618571,-80.577366,Falcon 9,B1049,5,Success (drone ship),True,5eb0e4cbb6c3bb0006eeb238,Starlink v0.9,13200.0,VLEO,SpaceX,United States
80,2019-06-12T14:17:00.000Z,2019,VAFB SLC 4E,California,Vandenberg Space Force Base,34.632093,-120.610829,Falcon 9,B1051,5,Success (ground pad),True,5eb0e4ccb6c3bb0006eeb239,RADARSAT Constellation,1425.0,SSO,CSA,Canada
82,2019-07-25T22:01:00.000Z,2019,CCSFS SLC 40,Florida,Cape Canaveral,28.5618571,-80.577366,Falcon 9,B1056,5,Success (ground pad),True,5eb0e4ceb6c3bb0006eeb24a,CRS-18,2227.7,ISS,NASA (CRS),United States
83,2019-08-06T22:52:00.000Z,2019,CCSFS SLC 40,Florida,Cape Canaveral,28.5618571,-80.577366,Falcon 9,B1047,5,No attempt,True,5eb0e4cfb6c3bb0006eeb24b,Amos-17,6500.0,GTO,Spacecom,Israel
84,2019-11-11T14:56:00.000Z,2019,CCSFS SLC 40,Florida,Cape Canaveral,28.5618571,-80.577366,Falcon 9,B1048,5,Success (drone ship),True,5eb0e4cfb6c3bb0006eeb24c,Starlink-1,15600.0,VLEO,SpaceX,United States
85,2019-12-05T17:29:23.000Z,2019,CCSFS SLC 40,Florida,Cape Canaveral,28.5618571,-80.577366,Falcon 9,B1059,5,Success (drone ship),True,5eb0e4cfb6c3bb0006eeb24d,CRS-19,5000.0,ISS,NASA (CRS),United States
86,2019-12-17T00:10:00.000Z,2019,CCSFS SLC 40,Florida,Cape Canaveral,28.5618571,-80.577366,Falcon 9,B1056,5,Success (drone ship),True,5eb0e4cfb6c3bb0006eeb24e,JCSat 18 / Kacific 1,6800.0,GTO,"SKY Perfect JSAT Corporation, Kacific Broadband Satellites Pte Ltd",Japan
87,2020-01-07T02:19:00.000Z,2020,CCSFS SLC 40,Florida,Cape Canaveral,28.5618571,-80.577366,Falcon 9,B1049,5,Success (drone ship),True,5eb0e4cfb6c3bb0006eeb24f,Starlink-2,15600.0,VLEO,SpaceX,United States
88,2020-01-19T14:00:00.000Z,2020,KSC LC 39A,Florida,Cape Canaveral,28.6080585,-80.6039558,Falcon 9,B1046,5,No attempt,True,5eb0e4d0b6c3bb0006eeb250,Crew Dragon In Flight Abort Test,,SO,NASA (CCtCap),United States
89,2020-01-29T14:06:00.000Z,2020,CCSFS SLC 40,Florida,Cape Canaveral,28.5618571,-80.577366,Falcon 9,B1051,5,Success (drone ship),True,5eb0e4d0b6c3bb0006eeb251,Starlink-3,15600.0,VLEO,SpaceX,United States
90,2020-02-17T15:05:55.000Z,2020,CCSFS SLC 40,Florida,Cape Canaveral,28.5618571,-80.577366,Falcon 9,B1056,5,Failure (drone ship),True,5eb0e4d0b6c3bb0006eeb252,Starlink-4,15600.0,VLEO,SpaceX,United States
91,2020-03-07T04:50:31.000Z,2020,CCSFS SLC 40,Florida,Cape Canaveral,28.5618571,-80.577366,Falcon 9,B1059,5,Success (ground pad),True,5eb0e4d0b6c3bb0006eeb253,CRS-20,1977.0,ISS,NASA (CRS),United States
92,2020-03-18T12:16:00.000Z,2020,KSC LC 39A,Florida,Cape Canaveral,28.6080585,-80.6039558,Falcon 9,B1048,5,Failure (drone ship),True,5eb0e4d0b6c3bb0006eeb254,Starlink-5,15600.0,VLEO,SpaceX,United States
93,2020-04-22T19:30:00.000Z,2020,KSC LC 39A,Florida,Cape Canaveral,28.6080585,-80.6039558,Falcon 9,B1051,5,Success (drone ship),True,5eb0e4d1b6c3bb0006eeb255,Starlink-6,15600.0,VLEO,SpaceX,United States
94,2020-05-30T19:22:00.000Z,2020,KSC LC 39A,Florida,Cape Canaveral,28.6080585,-80.6039558,Falcon 9,B1058,5,Success (drone ship),True,5eb0e4d1b6c3bb0006eeb257,CCtCap Demo Mission 2,9525.0,ISS,NASA (CCtCap),United States
95,2020-06-04T01:25:00.000Z,2020,CCSFS SLC 40,Florida,Cape Canaveral,28.5618571,-80.577366,Falcon 9,B1049,5,Success (drone ship),True,5eb0e4d1b6c3bb0006eeb256,Starlink-7,15600.0,VLEO,SpaceX,United States
96,2020-06-13T09:21:00.000Z,2020,CCSFS SLC 40,Florida,Cape Canaveral,28.5618571,-80.577366,Falcon 9,B1059,5,Success (drone ship),True,5eb0e4d1b6c3bb0006eeb258,Starlink-8,15600.0,VLEO,SpaceX,United States
97,2020-06-30T19:55:00.000Z,2020,CCSFS SLC 40,Florida,Cape Canaveral,28.5618571,-80.577366,Falcon 9,B1060,5,Success (drone ship),True,5eb0e4d2b6c3bb0006eeb25c,GPS III SV03 (Columbus),3880.0,MEO,USAF,United States
98,2020-07-20T21:30:00.000Z,2020,CCSFS SLC 40,Florida,Cape Canaveral,28.5618571,-80.577366,Falcon 9,B1058,5,Success (drone ship),True,5eb0e4d2b6c3bb0006eeb25b,ANASIS-II,,GEO,South Korea,South Korea
99,2020-08-07T05:12:00.000Z,2020,KSC LC 39A,Florida,Cape Canaveral,28.6080585,-80.6039558,Falcon 9,B1051,5,Success (drone ship),True,5ed9858b1f30554030d45c3e,Starlink-9,15600.0,VLEO,SpaceX,United States
99,2020-08-07T05:12:00.000Z,2020,KSC LC 39A,Florida,Cape Canaveral,28.6080585,-80.6039558,Falcon 9,B1051,5,Success (drone ship),True,5ee522e32f1f3d474c758123,BlackSky Global 5-6,112.0,SSO,BlackSky Global,United States
100,2020-08-18T14:31:00.000Z,2020,CCSFS SLC 40,Florida,Cape Canaveral,28.5618571,-80.577366,Falcon 9,B1049,5,Success (drone ship),True,5ed9859f1f30554030d45c3f,Starlink-10,15600.0,VLEO,SpaceX,United States
101,2020-08-30T23:18:00.000Z,2020,CCSFS SLC 40,Florida,Cape Canaveral,28.5618571,-80.577366,Falcon 9,B1059,5,Success (ground pad),True,5eb0e4d1b6c3bb0006eeb259,SAOCOM 1B,1600.0,SSO,CONAE,Argentina
102,2020-09-03T12:46:00.000Z,2020,KSC LC 39A,Florida,Cape Canaveral,28.6080585,-80.6039558,Falcon 9,B1060,5,Success (drone ship),True,5ef6a4600059c33cee4a829e,Starlink-11,15600.0,VLEO,SpaceX,United States
103,2020-10-06T11:29:00.000Z,2020,KSC LC 39A,Florida,Cape Canaveral,28.6080585,-80.6039558,Falcon 9,B1058,5,Success (drone ship),True,5ef6a48e0059c33cee4a829f,Starlink-12,15600.0,VLEO,SpaceX,United States
104,2020-10-18T12:25:00.000Z,2020,KSC LC 39A,Florida,Cape Canaveral,28.6080585,-80.6039558,Falcon 9,B1051,5,Success (drone ship),True,5ef6a4d50059c33cee4a82a1,Starlink-13,15600.0,VLEO,SpaceX,United States
105,2020-10-24T15:31:00.000Z,2020,CCSFS SLC 40,Florida,Cape Canaveral,28.5618571,-80.577366,Falcon 9,B1060,5,Success (drone ship),True,5ef6a4ea0059c33cee4a82a2,Starlink-14,15600.0,VLEO,SpaceX,United States
106,2020-11-05T23:24:00.000Z,2020,CCSFS SLC 40,Florida,Cape Canaveral,28.5618571,-80.577366,Falcon 9,B1062,5,Success (drone ship),True,5eb0e4d2b6c3bb0006eeb25e,GPS III SV04 (Sacagawea),3681.0,MEO,United States Space Force,United States
107,2020-11-16T00:27:00.000Z,2020,KSC LC 39A,Florida,Cape Canaveral,28.6080585,-80.6039558,Falcon 9,B1061,5,Success (drone ship),True,5eb0e4d2b6c3bb0006eeb25f,Crew-1,,ISS,NASA (CCtCap),United States
108,2020-11-21T17:17:00.000Z,2020,VAFB SLC 4E,California,Vandenberg Space Force Base,34.632093,-120.610829,Falcon 9,B1063,5,Success (ground pad),True,5ed9867c1f30554030d45c40,Sentinel-6 Michael Freilich,1440.0,PO,NASA,United States
109,2020-11-25T02:13:00.000Z,2020,CCSFS SLC 40,Florida,Cape Canaveral,28.5618571,-80.577366,Falcon 9,B1049,5,Success (drone ship),True,5fb95c263a88ae63c9546044,Starlink-15,15600.0,VLEO,SpaceX,United States
110,2020-12-06T16:17:00.000Z,2020,KSC LC 39A,Florida,Cape Canaveral,28.6080585,-80.6039558,Falcon 9,B1058,5,Success (drone ship),True,5eb0e4d3b6c3bb0006eeb262,CRS-21,2972.0,ISS,NASA (CRS),United States
111,2020-12-13T17:30:00.000Z,2020,CCSFS SLC 40,Florida,Cape Canaveral,28.5618571,-80.577366,Falcon 9,B1051,5,Success (drone ship),True,5eb0e4d2b6c3bb0006eeb25d,SXM-7,7000.0,GTO,SiriusXM,United States
112,2020-12-19T14:00:00.000Z,2020,KSC LC 39A,Florida,Cape Canaveral,28.6080585,-80.6039558,Falcon 9,B1059,5,Success (ground pad),True,5f839ac7818d8b59f5740d48,NROL-108,,,National Reconnaissance Office,United States
113,2021-01-08T02:15:00.000Z,2021,CCSFS SLC 40,Florida,Cape Canaveral,28.5618571,-80.577366,Falcon 9,B1060,5,Success (drone ship),True,5eb0e4d3b6c3bb0006eeb264,Turksat 5A,3500.0,GTO,Turksat,Turkey
114,2021-01-20T13:02:00.000Z,2021,KSC LC 39A,Florida,Cape Canaveral,28.6080585,-80.6039558,Falcon 9,B1051,5,Success (drone ship),True,5fbfedba54ceb10a5664c813,Starlink-16,15600.0,VLEO,SpaceX,United States
115,2021-01-24T15:00:00.000Z,2021,CCSFS SLC 40,Florida,Cape Canaveral,28.5618571,-80.577366,Falcon 9,B1058,5,Success (drone ship),True,5fd3871a7faea57d297c86c6,Transporter-1,,SSO,,United States
116,2021-02-04T06:19:00.000Z,2021,CCSFS SLC 40,Florida,Cape Canaveral,28.5618571,-80.577366,Falcon 9,B1060,5,Success (drone ship),True,5ff655769257f579ee3a6c64,Starlink-18,15600.0,VLEO,SpaceX,United States
117,2021-02-16T03:59:00.000Z,2021,CCSFS SLC 40,Florida,Cape Canaveral,28.5618571,-80.577366,Falcon 9,B1059,5,Failure (drone ship),True,600f9bc08f798e2a4d5f97a4,Starlink-19,15600.0,VLEO,SpaceX,United States
118,2021-03-04T08:24:00.000Z,2021,KSC LC 39A,Florida,Cape Canaveral,28.6080585,-80.6039558,Falcon 9,B1049,5,Success (drone ship),True,5fbfedc654ceb10a5664c814,Starlink-17,15600.0,VLEO,SpaceX,United States
119,2021-03-11T08:13:00.000Z,2021,CCSFS SLC 40,Florida,Cape Canaveral,28.5618571,-80.577366,Falcon 9,B1058,5,Success (drone ship),True,600f9bcb8f798e2a4d5f97a5,Starlink-20,15600.0,VLEO,SpaceX,United States
120,2021-03-14T10:01:00.000Z,2021,KSC LC 39A,Florida,Cape Canaveral,28.6080585,-80.6039558,Falcon 9,B1051,5,Success (drone ship),True,600f9bd88f798e2a4d5f97a6,Starlink-21,15600.0,VLEO,SpaceX,United States
121,2021-03-24T08:28:00.000Z,2021,CCSFS SLC 40,Florida,Cape Canaveral,28.5618571,-80.577366,Falcon 9,B1060,5,Success (drone ship),True,60428afbc041c16716f73cdd,Starlink-22,15600.0,VLEO,SpaceX,United States
122,2021-04-07T16:34:00.000Z,2021,CCSFS SLC 40,Florida,Cape Canaveral,28.5618571,-80.577366,Falcon 9,B1058,5,Success (drone ship),True,60428b02c041c16716f73cde,Starlink-23,15600.0,VLEO,SpaceX,United States
123,2021-04-23T09:49:00.000Z,2021,KSC LC 39A,Florida,Cape Canaveral,28.6080585,-80.6039558,Falcon 9,B1061,5,Success (drone ship),True,5fe3b3adb3467846b3242173,Crew-2,,ISS,NASA (CCtCap),United States
124,2021-04-29T03:44:00.000Z,2021,CCSFS SLC 40,Florida,Cape Canaveral,28.5618571,-80.577366,Falcon 9,B1060,5,Success (drone ship),True,605b4be3aa5433645e37d046,Starlink-24,15600.0,VLEO,SpaceX,United States
125,2021-05-04T19:01:00.000Z,2021,KSC LC 39A,Florida,Cape Canaveral,28.6080585,-80.6039558,Falcon 9,B1049,5,Success (drone ship),True,605b4befaa5433645e37d047,Starlink-25,15600.0,VLEO,SpaceX,United States
126,2021-05-09T06:42:00.000Z,2021,CCSFS SLC 40,Florida,Cape Canaveral,28.5618571,-80.577366,Falcon 9,B1051,5,Success (drone ship),True,6079bd5e9a06446e8c61bf7c,Starlink-27,15600.0,VLEO,SpaceX,United States
127,2021-05-15T22:54:00.000Z,2021,KSC LC 39A,Florida,Cape Canaveral,28.6080585,-80.6039558,Falcon 9,B1058,5,Success (drone ship),True,605b4bfcaa5433645e37d048,Starlink-26,13520.0,VLEO,SpaceX,United States
127,2021-05-15T22:54:00.000Z,2021,KSC LC 39A,Florida,Cape Canaveral,28.6080585,-80.6039558,Falcon 9,B1058,5,Success (drone ship),True,609f48374a12e4692eae4667,Capella-6,112.0,LEO,Capella Space,United States
127,2021-05-15T22:54:00.000Z,2021,KSC LC 39A,Florida,Cape Canaveral,28.6080585,-80.6039558,Falcon 9,B1058,5,Success (drone ship),True,609f49c64a12e4692eae4668,Tyvak-0130,,LEO,"Tyvak Nano-Satellite Systems Inc, NOAA",United States
128,2021-05-26T18:59:00.000Z,2021,CCSFS SLC 40,Florida,Cape Canaveral,28.5618571,-80.577366,Falcon 9,B1063,5,Success (drone ship),True,6079bd679a06446e8c61bf7d,Starlink-28,15600.0,VLEO,SpaceX,United States
129,2021-06-03T17:29:00.000Z,2021,KSC LC 39A,Florida,Cape Canaveral,28.6080585,-80.6039558,Falcon 9,B1067,5,Success (drone ship),True,5fe3b642b3467846b324217b,CRS-22,3328.0,ISS,NASA (CRS),United States
130,2021-06-06T04:26:00.000Z,2021,CCSFS SLC 40,Florida,Cape Canaveral,28.5618571,-80.577366,Falcon 9,B1061,5,Success (drone ship),True,5fe3b57db3467846b324217a,SXM-8,7000.0,GTO,SiriusXM,United States
131,2021-06-17T16:09:00.000Z,2021,CCSFS SLC 40,Florida,Cape Canaveral,28.5618571,-80.577366,Falcon 9,B1062,5,Success (drone ship),True,5eb0e4d2b6c3bb0006eeb261,GPS III SV05,3681.0,MEO,USAF,United States
132,2021-06-30T19:31:00.000Z,2021,CCSFS SLC 40,Florida,Cape Canaveral,28.5618571,-80.577366,Falcon 9,B1060,5,Success (ground pad),True,608ac397eb3e50044e3630e7,Transporter-2,,SSO,,United States
133,2021-08-29T07:14:00.000Z,2021,KSC LC 39A,Florida,Cape Canaveral,28.6080585,-80.6039558,Falcon 9,B1061,5,Success (drone ship),True,5fe3c4f2b3467846b3242193,CRS-23,,ISS,NASA (CRS),United States
134,2021-09-14T03:55:00.000Z,2021,VAFB SLC 4E,California,Vandenberg Space Force Base,34.632093,-120.610829,Falcon 9,B1049,5,Success (drone ship),True,60e3bf3373359e1e20335c3c,Starlink 2-1 (v1.5),15600.0,PO,SpaceX,United States
135,2021-09-16T00:02:00.000Z,2021,KSC LC 39A,Florida,Cape Canaveral,28.6080585,-80.6039558,Falcon 9,B1062,5,Success (drone ship),True,607a382f5a906a44023e0867,Inspiration4,,LEO,Jared Isaacman,United States
136,2021-11-11T02:03:00.000Z,2021,KSC LC 39A,Florida,Cape Canaveral,28.6080585,-80.6039558,Falcon 9,B1067,5,Success (drone ship),True,5fe3b3bab3467846b3242174,Crew-3,12519.0,ISS,NASA (CCtCap),United States
137,2021-11-13T12:40:00.000Z,2021,CCSFS SLC 40,Florida,Cape Canaveral,28.5618571,-80.577366,Falcon 9,B1058,5,Success (drone ship),True,618fabf0563d69573ed8caa6,Starlink 4-1 (v1.5),13260.0,LEO,SpaceX,United States
138,2021-11-24T06:20:00.000Z,2021,VAFB SLC 4E,California,Vandenberg Space Force Base,34.632093,-120.610829,Falcon 9,B1063,5,Success (drone ship),True,5fe3c4a6b3467846b3242192,DART (Double Asteroid Redirection Test),670.0,TLI,NASA,United States
139,2021-12-01T23:20:00.000Z,2021,CCSFS SLC 40,Florida,Cape Canaveral,28.5618571,-80.577366,Falcon 9,B1060,5,Success (drone ship),True,6161d0f26db1a92bfba85355,Starlink 4-3 (v1.5),13260.0,PO,SpaceX,United States
140,2021-12-09T06:00:00.000Z,2021,KSC LC 39A,Florida,Cape Canaveral,28.6080585,-80.6039558,Falcon 9,B1061,5,Success (drone ship),True,61c1f395a4a2462678cbf46e,IPXE,330.0,LEO,"NASA, ASI",United States
141,2021-12-18T12:41:40.000Z,2021,VAFB SLC 4E,California,Vandenberg Space Force Base,34.632093,-120.610829,Falcon 9,B1051,5,Success (drone ship),True,61bbac16437241381bf70632,Starlink 4-4 (v1.5),13260.0,PO,SpaceX,United States
142,2021-12-19T03:58:00.000Z,2021,CCSFS SLC 40,Florida,Cape Canaveral,28.5618571,-80.577366,Falcon 9,B1067,5,Success (drone ship),True,5fe3c080b3467846b3242190,Türksat 5B,3500.0,GTO,Turksat,Turkey
143,2021-12-21T10:06:00.000Z,2021,KSC LC 39A,Florida,Cape Canaveral,28.6080585,-80.6039558,Falcon 9,B1069,5,Success (drone ship),True,6161d22a6db1a92bfba85357,CRS-24,,ISS,NASA (CRS),United States
144,2022-01-06T21:49:00.000Z,2022,KSC LC 39A,Florida,Cape Canaveral,28.6080585,-80.6039558,Falcon 9,B1062,5,Success (drone ship),True,61d5ece4f88e4c5fc91f1ebb,Starlink 4-5 (v1.5),13260.0,VLEO,SpaceX,United States
145,2022-01-13T15:25:00.000Z,2022,CCSFS SLC 40,Florida,Cape Canaveral,28.5618571,-80.577366,Falcon 9,B1058,5,Success (ground pad),True,6175aaacefa4314085aa9c56,NROL-87,,LEO,"National Reconnaissance Office, USAF",United States
146,2022-01-19T00:04:00.000Z,2022,KSC LC 39A,Florida,Cape Canaveral,28.6080585,-80.6039558,Falcon 9,B1060,5,Success (drone ship),True,61e05516be8d8b66799018d4,Starlink 4-6 (v1.5),13260.0,VLEO,SpaceX,United States
147,2022-01-31T23:11:12.000Z,2022,CCSFS SLC 40,Florida,Cape Canaveral,28.5618571,-80.577366,Falcon 9,B1052,5,Success (ground pad),True,6161d3a06db1a92bfba8535a,CSG-2,2240.0,SSO,ESA,
148,2022-02-02T20:18:00.000Z,2022,VAFB SLC 4E,California,Vandenberg Space Force Base,34.632093,-120.610829,Falcon 9,B1071,5,Success (ground pad),True,6175aaacefa4314085aa9c56,NROL-87,,LEO,"National Reconnaissance Office, USAF",United States
149,2022-02-03T18:13:00.000Z,2022,KSC LC 39A,Florida,Cape Canaveral,28.6080585,-80.6039558,Falcon 9,B1061,5,Success (drone ship),True,61e05520be8d8b66799018d5,Starlink 4-7 (v1.5),13260.0,VLEO,SpaceX,United States
150,2022-02-21T14:44:00.000Z,2022,CCSFS SLC 40,Florida,Cape Canaveral,28.5618571,-80.577366,Falcon 9,B1058,5,Success (drone ship),True,61fc02e1e0dc5662b76489b4,Starlink 4-8 (v1.5),13260.0,VLEO,SpaceX,United States
151,2022-02-25T17:12:00.000Z,2022,VAFB SLC 4E,California,Vandenberg Space Force Base,34.632093,-120.610829,Falcon 9,B1063,5,Success (drone ship),True,61fc0334e0dc5662b76489b5,Starlink 4-11 (v1.5),13260.0,VLEO,SpaceX,United States
152,2022-03-03T14:35:00.000Z,2022,KSC LC 39A,Florida,Cape Canaveral,28.6080585,-80.6039558,Falcon 9,B1060,5,Success (drone ship),True,61fc0379e0dc5662b76489b6,Starlink 4-9 (v1.5),13260.0,VLEO,SpaceX,United States
153,2022-03-09T13:45:00.000Z,2022,CCSFS SLC 40,Florida,Cape Canaveral,28.5618571,-80.577366,Falcon 9,B1052,5,Success (drone ship),True,61fc0382e0dc5662b76489b7,Starlink 4-10 (v1.5),13260.0,VLEO,SpaceX,United States
154,2022-03-19T03:24:00.000Z,2022,CCSFS SLC 40,Florida,Cape Canaveral,28.5618571,-80.577366,Falcon 9,B1051,5,Success (drone ship),True,623491e5f051102e1fcedac9,Starlink 4-12 (v1.5),13260.0,VLEO,SpaceX,United States
155,2022-04-01T16:24:00.000Z,2022,CCSFS SLC 40,Florida,Cape Canaveral,28.5618571,-80.577366,Falcon 9,B1061,5,Success (drone ship),True,6243af62af52800c6e919260,Transporter-4,,SSO,,United States
156,2022-04-08T15:17:00.000Z,2022,KSC LC 39A,Florida,Cape Canaveral,28.6080585,-80.6039558,Falcon 9,B1062,5,Success (drone ship),True,61eefb129eb1064137a1bd74,Ax-1,,ISS,Axiom Space,United States
157,2022-04-17T13:13:00.000Z,2022,VAFB SLC 4E,California,Vandenberg Space Force Base,34.632093,-120.610829,Falcon 9,B1071,5,Success (ground pad),True,6243b036af52800c6e919262,NROL-85,,LEO,"USAF, National Reconnaissance Office",United States
158,2022-04-21T15:16:00.000Z,2022,CCSFS SLC 40,Florida,Cape Canaveral,28.5618571,-80.577366,Falcon 9,B1060,5,Success (drone ship),True,6243af9faf52800c6e919261,Starlink 4-14 (v1.5),13260.0,VLEO,SpaceX,United States
159,2022-04-27T07:52:00.000Z,2022,KSC LC 39A,Florida,Cape Canaveral,28.6080585,-80.6039558,Falcon 9,B1067,5,Success (drone ship),True,6243b1cdaf52800c6e919265,Crew-4,,ISS,NASA (CCtCap),United States
160,2022-04-29T21:27:00.000Z,2022,CCSFS SLC 40,Florida,Cape Canaveral,28.5618571,-80.577366,Falcon 9,B1062,5,Success (drone ship),True,62582aa55988f159024b964d,Starlink 4-16 (v1.5),13260.0,VLEO,SpaceX,United States
161,2022-05-06T09:42:00.000Z,2022,KSC LC 39A,Florida,Cape Canaveral,28.6080585,-80.6039558,Falcon 9,B1058,5,Success (drone ship),True,62582aad5988f159024b964e,Starlink 4-17 (v1.5),13260.0,VLEO,SpaceX,United States
162,2022-05-13T22:07:00.000Z,2022,VAFB SLC 4E,California,Vandenberg Space Force Base,34.632093,-120.610829,Falcon 9,B1063,5,Success (drone ship),True,625829d75988f159024b9649,Starlink 4-13 (v1.5),13260.0,VLEO,SpaceX,United States
163,2022-05-14T20:40:00.000Z,2022,CCSFS SLC 40,Florida,Cape Canaveral,28.5618571,-80.577366,Falcon 9,B1073,5,Success (drone ship),True,625829cf5988f159024b9648,Starlink 4-15 (v1.5),13260.0,VLEO,SpaceX,United States
164,2022-05-18T10:40:00.000Z,2022,KSC LC 39A,Florida,Cape Canaveral,28.6080585,-80.6039558,Falcon 9,B1052,5,Success (drone ship),True,62615ee40ec008379be596fd,Starlink 4-18 (v1.5),13260.0,VLEO,SpaceX,United States
165,2022-05-25T18:27:00.000Z,2022,CCSFS SLC 40,Florida,Cape Canaveral,28.5618571,-80.577366,Falcon 9,B1061,5,Success (ground pad),True,6243b39daf52800c6e919267,Transporter-5,,SSO,,United States
166,2022-06-08T21:04:00.000Z,2022,CCSFS SLC 40,Florida,Cape Canaveral,28.5618571,-80.577366,Falcon 9,B1062,5,Success (drone ship),True,6243b286af52800c6e919266,Nilesat-301,3938.0,GEO,Nilesat,Egypt
167,2022-06-01T17:08:50.000Z,2022,KSC LC 39A,Florida,Cape Canaveral,28.6080585,-80.6039558,Falcon 9,B1060,5,Success (drone ship),True,6278484e57b51b752c5c5a63,Starlink 4-19 (v1.5),13260.0,VLEO,SpaceX,United States
168,2022-06-18T14:19:00.000Z,2022,VAFB SLC 4E,California,Vandenberg Space Force Base,34.632093,-120.610829,Falcon 9,B1071,5,Success (ground pad),True,5fe3b2abb3467846b3242172,SARah 1,2200.0,SSO,"OHB-System, AG, Bundeswehr",Germany
169,2022-06-19T04:27:00.000Z,2022,CCSFS SLC 40,Florida,Cape Canaveral,28.5618571,-80.577366,Falcon 9,B1061,5,Success (drone ship),True,62adecbcd26f4f711fa53848,Globalstar FM15,700.0,LEO,Globalstar,United States
170,2022-06-29T21:04:00.000Z,2022,CCSFS SLC 40,Florida,Cape Canaveral,28.5618571,-80.577366,Falcon 9,B1073,5,Success (drone ship),True,6243b93caf52800c6e91926f,SES-22,3500.0,MEO,SES,United States
171,2022-07-07T13:11:00.000Z,2022,CCSFS SLC 40,Florida,Cape Canaveral,28.5618571,-80.577366,Falcon 9,B1058,5,Success (drone ship),True,630bccc6d36448026ab01639,Starlink 4-21 (v1.5),13260.0,VLEO,SpaceX,United States
172,2022-07-11T01:39:00.000Z,2022,VAFB SLC 4E,California,Vandenberg Space Force Base,34.632093,-120.610829,Falcon 9,B1063,5,Success (drone ship),,630bccd6d36448026ab0163a,Starlink 3-1 (v1.5),13260.0,VLEO,SpaceX,United States
173,2022-07-15T00:44:00.000Z,2022,KSC LC 39A,Florida,Cape Canaveral,28.6080585,-80.6039558,Falcon 9,B1067,5,Success (drone ship),True,6243b835af52800c6e91926d,CRS-25,,ISS,NASA (CRS),United States
174,2022-07-17T14:50:00.000Z,2022,CCSFS SLC 40,Florida,Cape Canaveral,28.5618571,-80.577366,Falcon 9,B1051,5,Success (drone ship),True,630bce10d36448026ab0163b,Starlink 4-22 (v1.5),13260.0,VLEO,SpaceX,United States
175,2022-07-21T17:13:00.000Z,2022,VAFB SLC 4E,California,Vandenberg Space Force Base,34.632093,-120.610829,Falcon 9,B1071,5,Success (drone ship),True,630bce49d36448026ab0163c,Starlink 3-2 (v1.5),13260.0,VLEO,SpaceX,United States
176,2022-07-24T00:00:00.000Z,2022,CCSFS SLC 40,Florida,Cape Canaveral,28.5618571,-80.577366,Falcon 9,B1062,5,Success (drone ship),True,630bce79d36448026ab0163d,Starlink 4-25 (v1.5),13260.0,VLEO,SpaceX,United States
177,2022-08-04T23:08:00.000Z,2022,CCSFS SLC 40,Florida,Cape Canaveral,28.5618571,-80.577366,Falcon 9,B1052,5,Success (drone ship),True,630bcfe1d36448026ab01641,KPLO,678.0,TLI,KARI,South Korea
178,2022-08-09T22:57:00.000Z,2022,KSC LC 39A,Florida,Cape Canaveral,28.6080585,-80.6039558,Falcon 9,B1073,5,Success (drone ship),True,630bcea1d36448026ab0163e,Starlink 4-26 (v1.5),13260.0,VLEO,SpaceX,United States
179,2022-08-12T21:30:00.000Z,2022,VAFB SLC 4E,California,Vandenberg Space Force Base,34.632093,-120.610829,Falcon 9,B1061,5,Success (drone ship),True,630bceb8d36448026ab01640,Starlink 3-3 (v1.5),13260.0,VLEO,SpaceX,United States
180,2022-08-19T19:24:00.000Z,2022,CCSFS SLC 40,Florida,Cape Canaveral,28.5618571,-80.577366,Falcon 9,B1062,5,Success (drone ship),True,630bceadd36448026ab0163f,Starlink 4-27 (v1.5),13260.0,VLEO,SpaceX,United States
181,2022-08-28T02:22:00.000Z,2022,KSC LC 39A,Florida,Cape Canaveral,28.6080585,-80.6039558,Falcon 9,B1069,5,Success (drone ship),True,631614d7ffc78f3b85670716,Starlink 4-23 (v1.5),13260.0,VLEO,SpaceX,United States
182,2022-08-31T05:40:00.000Z,2022,VAFB SLC 4E,California,Vandenberg Space Force Base,34.632093,-120.610829,Falcon 9,B1063,5,Success (drone ship),True,630f63bf18702d4844fb5391,Starlink 3-4 (v1.5),13260.0,VLEO,SpaceX,United States
183,2022-09-05T02:09:00.000Z,2022,CCSFS SLC 40,Florida,Cape Canaveral,28.5618571,-80.577366,Falcon 9,B1052,5,Success (drone ship),True,631614e9ffc78f3b85670717,Starlink 4-20 (v1.5),13260.0,VLEO,SpaceX,United States
183,2022-09-05T02:09:00.000Z,2022,CCSFS SLC 40,Florida,Cape Canaveral,28.5618571,-80.577366,Falcon 9,B1052,5,Success (drone ship),True,631617fbffc78f3b8567071d,Varuna-TDM,180.0,VLEO,Boeing,United States
184,2022-09-11T01:10:00.000Z,2022,KSC LC 39A,Florida,Cape Canaveral,28.6080585,-80.6039558,Falcon 9,B1058,5,Success (drone ship),True,63161610ffc78f3b85670718,Starlink 4-2 (v1.5),13260.0,VLEO,SpaceX,United States
184,2022-09-11T01:10:00.000Z,2022,KSC LC 39A,Florida,Cape Canaveral,28.6080585,-80.6039558,Falcon 9,B1058,5,Success (drone ship),True,63161872ffc78f3b8567071e,BlueWalker 3,1500.0,VLEO,AST & Science,United States
185,2022-09-17T01:05:00.000Z,2022,CCSFS SLC 40,Florida,Cape Canaveral,28.5618571,-80.577366,Falcon 9,B1067,5,Success (drone ship),True,63161699ffc78f3b85670719,Starlink 4-34 (v1.5),13260.0,VLEO,SpaceX,United States
186,2022-09-24T23:30:00.000Z,2022,CCSFS SLC 40,Florida,Cape Canaveral,28.5618571,-80.577366,Falcon 9,B1072,5,Success (drone ship),True,631616a7ffc78f3b8567071a,Starlink 4-35 (v1.5),13260.0,VLEO,SpaceX,United States
187,2022-10-05T16:00:00.000Z,2022,KSC LC 39A,Florida,Cape Canaveral,28.6080585,-80.6039558,Falcon 9,B1077,5,Success (drone ship),True,62dd73ed202306255024d145,Crew-5,,ISS,NASA (CCtCap),United States
