flight_number,date_utc,year,date,launch_site,site_region,site_locality,site_lat,site_lon,rocket_name,booster_version,booster_block,core_serial,launch_success,landing_outcome,landing_outcome_kind,payload_id,payload_name,payload_mass_kg,orbit,customers,nationalities,is_nasa
6,2010-06-04 18:45:00+00:00,2010,2010-06-04,CCSFS SLC 40,Florida,Cape Canaveral,28.5618571,-80.577366,Falcon 9,F9 v1.0,1,B0003,True,No attempt,no_attempt,5eb0e4b7b6c3bb0006eeb1e7,Dragon Qualification Unit,,LEO,SpaceX,United States,False
7,2010-12-08 15:43:00+00:00,2010,2010-12-08,CCSFS SLC 40,Florida,Cape Canaveral,28.5618571,-80.577366,Falcon 9,F9 v1.0,1,B0004,True,No attempt,no_attempt,5eb0e4b9b6c3bb0006eeb1e8,COTS Demo Flight 1,,LEO,NASA(COTS),United States,True
7,2010-12-08 15:43:00+00:00,2010,2010-12-08,CCSFS SLC 40,Florida,Cape Canaveral,28.5618571,-80.577366,Falcon 9,F9 v1.0,1,B0004,True,No attempt,no_attempt,5eb0e4b9b6c3bb0006eeb1e9,Cubesats,,LEO,NRO,,False
8,2012-05-22 07:44:00+00:00,2012,2012-05-22,CCSFS SLC 40,Florida,Cape Canaveral,28.5618571,-80.577366,Falcon 9,F9 v1.0,1,B0005,True,No attempt,no_attempt,5eb0e4bab6c3bb0006eeb1ea,COTS Demo Flight 2,525.0,LEO,NASA(COTS),United States,True
9,2012-10-08 00:35:00+00:00,2012,2012-10-08,CCSFS SLC 40,Florida,Cape Canaveral,28.5618571,-80.577366,Falcon 9,F9 v1.0,1,B0006,True,No attempt,no_attempt,5eb0e4bab6c3bb0006eeb1eb,CRS-1,400.0,ISS,NASA (CRS),United States,True
9,2012-10-08 00:35:00+00:00,2012,2012-10-08,CCSFS SLC 40,Florida,Cape Canaveral,28.5618571,-80.577366,Falcon 9,F9 v1.0,1,B0006,True,No attempt,no_attempt,5eb0e4bab6c3bb0006eeb1ec,Orbcomm-OG2,400.0,LEO,Orbcomm,,False
10,2013-03-01 19:10:00+00:00,2013,2013-03-01,CCSFS SLC 40,Florida,Cape Canaveral,28.5618571,-80.577366,Falcon 9,F9 v1.0,1,B0007,True,No attempt,no_attempt,5eb0e4bbb6c3bb0006eeb1ed,CRS-2,677.0,ISS,NASA (CRS),United States,True
11,2013-09-29 16:00:00+00:00,2013,2013-09-29,VAFB SLC 4E,California,Vandenberg Space Force Base,34.632093,-120.610829,Falcon 9,F9 v1.1,1,B1003,True,Failure,failure_unknown_site,5eb0e4bbb6c3bb0006eeb1ee,CASSIOPE,500.0,PO,MDA,Canada,False
12,2013-12-03 22:41:00+00:00,2013,2013-12-03,CCSFS SLC 40,Florida,Cape Canaveral,28.5618571,-80.577366,Falcon 9,F9 v1.1,1,B1004,True,No attempt,no_attempt,5eb0e4bbb6c3bb0006eeb1ef,SES-8,3170.0,GTO,SES,Luxembourg,False
13,2014-01-06 18:06:00+00:00,2014,2014-01-06,CCSFS SLC 40,Florida,Cape Canaveral,28.5618571,-80.577366,Falcon 9,F9 v1.1,1,B1005,True,No attempt,no_attempt,5eb0e4bbb6c3bb0006eeb1f0,Thaicom 6,3325.0,GTO,Thaicom,Thailand,False
14,2014-04-18 19:25:00+00:00,2014,2014-04-18,CCSFS SLC 40,Florida,Cape Canaveral,28.5618571,-80.577366,Falcon 9,F9 v1.1,1,B1006,True,Success,success_unknown_site,5eb0e4bbb6c3bb0006eeb1f1,CRS-3,2296.0,ISS,NASA (CRS),United States,True
15,2014-07-14 15:15:00+00:00,2014,2014-07-14,CCSFS SLC 40,Florida,Cape Canaveral,28.5618571,-80.577366,Falcon 9,F9 v1.1,1,B1007,True,Success,success_unknown_site,5eb0e4bcb6c3bb0006eeb1f2,Orbcomm-OG2-M1,1316.0,LEO,Orbcomm,United States,False
16,2014-08-05 08:00:00+00:00,2014,2014-08-05,CCSFS SLC 40,Florida,Cape Canaveral,28.5618571,-80.577366,Falcon 9,F9 v1.1,1,B1008,True,No attempt,no_attempt,5eb0e4bcb6c3bb0006eeb1f3,AsiaSat 8,4535.0,GTO,AsiaSat,Hong Kong,False
17,2014-09-07 05:00:00+00:00,2014,2014-09-07,CCSFS SLC 40,Florida,Cape Canaveral,28.5618571,-80.577366,Falcon 9,F9 v1.1,1,B1011,True,No attempt,no_attempt,5eb0e4bcb6c3bb0006eeb1f4,AsiaSat 6,4428.0,GTO,AsiaSat,Hong Kong,False
18,2014-09-21 05:52:00+00:00,2014,2014-09-21,CCSFS SLC 40,Florida,Cape Canaveral,28.5618571,-80.577366,Falcon 9,F9 v1.1,1,B1010,True,Failure,failure_unknown_site,5eb0e4bcb6c3bb0006eeb1f5,CRS-4,2216.0,ISS,NASA (CRS),United States,True
19,2015-01-10 09:47:00+00:00,2015,2015-01-10,CCSFS SLC 40,Florida,Cape Canaveral,28.5618571,-80.577366,Falcon 9,F9 v1.1,1,B1012,True,Failure (drone ship),drone,5eb0e4bdb6c3bb0006eeb1f6,CRS-5,2395.0,ISS,NASA (CRS),United States,True
20,2015-02-11 23:03:00+00:00,2015,2015-02-11,CCSFS SLC 40,Florida,Cape Canaveral,28.5618571,-80.577366,Falcon 9,F9 v1.1,1,B1013,True,Success,success_unknown_site,5eb0e4bdb6c3bb0006eeb1f7,DSCOVR,570.0,ES-L1,"NASA, NOAA, USAF",United States,True
21,2015-03-02 03:50:00+00:00,2015,2015-03-02,CCSFS SLC 40,Florida,Cape Canaveral,28.5618571,-80.577366,Falcon 9,F9 v1.1,1,B1014,True,No attempt,no_attempt,5eb0e4bdb6c3bb0006eeb1f8,ABS-3A,1954.0,GTO,ABS,Hong Kong,False
21,2015-03-02 03:50:00+00:00,2015,2015-03-02,CCSFS SLC 40,Florida,Cape Canaveral,28.5618571,-80.577366,Falcon 9,F9 v1.1,1,B1014,True,No attempt,no_attempt,5eb0e4bdb6c3bb0006eeb1f9,Eutelsat 115 West B,2205.0,GTO,Eutelsat,France,False
22,2015-04-14 20:10:00+00:00,2015,2015-04-14,CCSFS SLC 40,Florida,Cape Canaveral,28.5618571,-80.577366,Falcon 9,F9 v1.1,1,B1015,True,Failure (drone ship),drone,5eb0e4bdb6c3bb0006eeb1fa,CRS-6,1898.0,ISS,NASA (CRS),United States,True
23,2015-04-27 23:03:00+00:00,2015,2015-04-27,CCSFS SLC 40,Florida,Cape Canaveral,28.5618571,-80.577366,Falcon 9,F9 v1.1,1,B1016,True,No attempt,no_attempt,5eb0e4beb6c3bb0006eeb1fb,TürkmenÄlem 52°E / MonacoSAT,4707.0,GTO,Turkmenistan National Space Agency,Turkmenistan,False
24,2015-06-28 14:21:00+00:00,2015,2015-06-28,CCSFS SLC 40,Florida,Cape Canaveral,28.5618571,-80.577366,Falcon 9,F9 v1.1,1,B1018,False,Unknown,unknown,5eb0e4beb6c3bb0006eeb1fc,CRS-7,2477.0,ISS,NASA (CRS),United States,True
25,2015-12-22 01:29:00+00:00,2015,2015-12-22,CCSFS SLC 40,Florida,Cape Canaveral,28.5618571,-80.577366,Falcon 9,FT,1,B1019,True,Success (ground pad),ground,5eb0e4beb6c3bb0006eeb1fd,Orbcomm-OG2-M2,2034.0,LEO,Orbcomm,United States,False
26,2016-01-17 15:42:00+00:00,2016,2016-01-17,VAFB SLC 4E,California,Vandenberg Space Force Base,34.632093,-120.610829,Falcon 9,FT,1,B1017,True,Failure (drone ship),drone,5eb0e4beb6c3bb0006eeb1fe,Jason-3,553.0,PO,"NASA, NOAA",United States,True
27,2016-03-04 23:35:00+00:00,2016,2016-03-04,CCSFS SLC 40,Florida,Cape Canaveral,28.5618571,-80.577366,Falcon 9,FT,1,B1020,True,Failure (drone ship),drone,5eb0e4beb6c3bb0006eeb1ff,SES-9,5271.0,GTO,SES,Luxembourg,False
28,2016-04-08 20:43:00+00:00,2016,2016-04-08,CCSFS SLC 40,Florida,Cape Canaveral,28.5618571,-80.577366,Falcon 9,FT,2,B1021,True,Success (drone ship),drone,5eb0e4bfb6c3bb0006eeb200,CRS-8,3136.0,ISS,NASA (CRS),United States,True
29,2016-05-06 05:21:00+00:00,2016,2016-05-06,CCSFS SLC 40,Florida,Cape Canaveral,28.5618571,-80.577366,Falcon 9,FT,2,B1022,True,Success (drone ship),drone,5eb0e4bfb6c3bb0006eeb201,JCSAT-2B,4696.0,GTO,SKY Perfect JSAT Group,Japan,False
30,2016-05-27 21:39:00+00:00,2016,2016-05-27,CCSFS SLC 40,Florida,Cape Canaveral,28.5618571,-80.577366,Falcon 9,FT,2,B1023,True,Success (drone ship),drone,5eb0e4bfb6c3bb0006eeb202,Thaicom 8,3100.0,GTO,Thaicom,Thailand,False
31,2016-06-15 14:29:00+00:00,2016,2016-06-15,CCSFS SLC 40,Florida,Cape Canaveral,28.5618571,-80.577366,Falcon 9,FT,2,B1024,True,Failure (drone ship),drone,5eb0e4bfb6c3bb0006eeb203,ABS-2A,1800.0,GTO,ABS,Hong Kong,False
31,2016-06-15 14:29:00+00:00,2016,2016-06-15,CCSFS SLC 40,Florida,Cape Canaveral,28.5618571,-80.577366,Falcon 9,FT,2,B1024,True,Failure (drone ship),drone,5eb0e4bfb6c3bb0006eeb204,Eutelsat 117 West B,1800.0,GTO,Eutelsat,France,False
32,2016-07-18 04:45:00+00:00,2016,2016-07-18,CCSFS SLC 40,Florida,Cape Canaveral,28.5618571,-80.577366,Falcon 9,FT,2,B1025,True,Success (ground pad),ground,5eb0e4c0b6c3bb0006eeb205,CRS-9,2257.0,ISS,NASA (CRS),United States,True
33,2016-08-14 05:26:00+00:00,2016,2016-08-14,CCSFS SLC 40,Florida,Cape Canaveral,28.5618571,-80.577366,Falcon 9,FT,2,B1026,True,Success (drone ship),drone,5eb0e4c1b6c3bb0006eeb206,JCSAT-16,4600.0,GTO,SKY Perfect JCSAT Group,Japan,False
34,2016-09-01 13:07:00+00:00,2016,2016-09-01,CCSFS SLC 40,Florida,Cape Canaveral,28.5618571,-80.577366,Falcon 9,FT,3,B1028,False,Unknown,unknown,5eb0e4c1b6c3bb0006eeb207,Amos-6,5500.0,GTO,Spacecom,Israel,False
35,2017-01-14 17:54:00+00:00,2017,2017-01-14,VAFB SLC 4E,California,Vandenberg Space Force Base,34.632093,-120.610829,Falcon 9,FT,3,B1029,True,Success (drone ship),drone,5eb0e4c2b6c3bb0006eeb208,Iridium NEXT 1,9600.0,PO,Iridium Communications,United States,False
36,2017-02-19 14:39:00+00:00,2017,2017-02-19,KSC LC 39A,Florida,Cape Canaveral,28.6080585,-80.6039558,Falcon 9,FT,3,B1031,True,Success (ground pad),ground,5eb0e4c3b6c3bb0006eeb209,CRS-10,2490.0,ISS,NASA (CRS),United States,True
37,2017-03-16 06:00:00+00:00,2017,2017-03-16,KSC LC 39A,Florida,Cape Canaveral,28.6080585,-80.6039558,Falcon 9,FT,3,B1030,True,No attempt,no_attempt,5eb0e4c3b6c3bb0006eeb20a,EchoStar 23,5600.0,GTO,EchoStar,United States,False
38,2017-03-30 22:27:00+00:00,2017,2017-03-30,KSC LC 39A,Florida,Cape Canaveral,28.6080585,-80.6039558,Falcon 9,FT,2,B1021,True,Success (drone ship),drone,5eb0e4c3b6c3bb0006eeb20b,SES-10,5300.0,GTO,SES,Luxembourg,False
39,2017-05-01 11:15:00+00:00,2017,2017-05-01,KSC LC 39A,Florida,Cape Canaveral,28.6080585,-80.6039558,Falcon 9,FT,3,B1032,True,Success (ground pad),ground,5eb0e4c3b6c3bb0006eeb20c,NROL-76,,LEO,NRO,United States,False
40,2017-05-15 23:21:00+00:00,2017,2017-05-15,KSC LC 39A,Florida,Cape Canaveral,28.6080585,-80.6039558,Falcon 9,FT,3,B1034,True,No attempt,no_attempt,5eb0e4c3b6c3bb0006eeb20d,Inmarsat-5 F4,6070.0,GTO,Inmarsat,United Kingdom,False
41,2017-06-03 21:07:00+00:00,2017,2017-06-03,KSC LC 39A,Florida,Cape Canaveral,28.6080585,-80.6039558,Falcon 9,FT,3,B1035,True,Success (ground pad),ground,5eb0e4c4b6c3bb0006eeb20e,CRS-11,2708.0,ISS,NASA (CRS),United States,True
42,2017-06-23 19:10:00+00:00,2017,2017-06-23,KSC LC 39A,Florida,Cape Canaveral,28.6080585,-80.6039558,Falcon 9,FT,3,B1029,True,Success (drone ship),drone,5eb0e4c4b6c3bb0006eeb20f,BulgariaSat-1,3669.0,GTO,Bulgaria Sat,Bulgaria,False
43,2017-06-25 20:25:00+00:00,2017,2017-06-25,VAFB SLC 4E,California,Vandenberg Space Force Base,34.632093,-120.610829,Falcon 9,FT,3,B1036,True,Success (drone ship),drone,5eb0e4c4b6c3bb0006eeb210,Iridium NEXT 2,9600.0,PO,Iridium Communications,United States,False
44,2017-07-05 23:35:00+00:00,2017,2017-07-05,KSC LC 39A,Florida,Cape Canaveral,28.6080585,-80.6039558,Falcon 9,FT,3,B1037,True,No attempt,no_attempt,5eb0e4c4b6c3bb0006eeb211,Intelsat 35e,6761.0,GTO,Intelsat,United States,False
45,2017-08-14 16:31:00+00:00,2017,2017-08-14,KSC LC 39A,Florida,Cape Canaveral,28.6080585,-80.6039558,Falcon 9,FT,4,B1039,True,Success (ground pad),ground,5eb0e4c4b6c3bb0006eeb212,CRS-12,2910.0,ISS,NASA (CRS),United States,True
46,2017-08-24 18:50:00+00:00,2017,2017-08-24,VAFB SLC 4E,California,Vandenberg Space Force Base,34.632093,-120.610829,Falcon 9,FT,3,B1038,True,Success (drone ship),drone,5eb0e4c4b6c3bb0006eeb213,FormoSat-5,475.0,SSO,NSPO (Taiwan),Taiwan,False
47,2017-09-07 13:50:00+00:00,2017,2017-09-07,KSC LC 39A,Florida,Cape Canaveral,28.6080585,-80.6039558,Falcon 9,FT,4,B1040,True,Success (ground pad),ground,5eb0e4c5b6c3bb0006eeb214,X-37B OTV-5,4990.0,LEO,USAF,United States,False
48,2017-10-09 12:37:00+00:00,2017,2017-10-09,VAFB SLC 4E,California,Vandenberg Space Force Base,34.632093,-120.610829,Falcon 9,FT,4,B1041,True,Success (drone ship),drone,5eb0e4c5b6c3bb0006eeb215,Iridium NEXT 3,9600.0,PO,Iridium Communications,United States,False
49,2017-10-11 22:53:00+00:00,2017,2017-10-11,KSC LC 39A,Florida,Cape Canaveral,28.6080585,-80.6039558,Falcon 9,FT,3,B1031,True,Success (drone ship),drone,5eb0e4c5b6c3bb0006eeb216,SES-11 / Echostar 105,5200.0,GTO,"SES, Echostar",United States,False
50,2017-10-30 19:34:00+00:00,2017,2017-10-30,KSC LC 39A,Florida,Cape Canaveral,28.6080585,-80.6039558,Falcon 9,FT,4,B1042,True,Success (drone ship),drone,5eb0e4c5b6c3bb0006eeb217,KoreaSat 5A,3700.0,GTO,KT Corporation,South Korea,False
51,2017-12-15 15:36:00+00:00,2017,2017-12-15,CCSFS SLC 40,Florida,Cape Canaveral,28.5618571,-80.577366,Falcon 9,FT,3,B1035,True,Success (ground pad),ground,5eb0e4c5b6c3bb0006eeb218,CRS-13,2205.0,ISS,NASA (CRS),United States,True
52,2017-12-23 01:27:23+00:00,2017,2017-12-23,VAFB SLC 4E,California,Vandenberg Space Force Base,34.632093,-120.610829,Falcon 9,FT,3,B1036,True,Success,success_unknown_site,5eb0e4c6b6c3bb0006eeb219,Iridium NEXT 4,9600.0,PO,Iridium Communications,United States,False
53,2018-01-08 01:00:00+00:00,2018,2018-01-08,CCSFS SLC 40,Florida,Cape Canaveral,28.5618571,-80.577366,Falcon 9,FT,4,B1043,True,Success (ground pad),ground,5eb0e4c6b6c3bb0006eeb21a,ZUMA,,LEO,Northrop Grumman,United States,False
54,2018-01-31 21:25:00+00:00,2018,2018-01-31,CCSFS SLC 40,Florida,Cape Canaveral,28.5618571,-80.577366,Falcon 9,FT,3,B1032,True,Success,success_unknown_site,5eb0e4c6b6c3bb0006eeb21b,GovSat-1,4230.0,GTO,GovSat,Luxembourg,False
56,2018-02-22 14:17:00+00:00,2018,2018-02-22,VAFB SLC 4E,California,Vandenberg Space Force Base,34.632093,-120.610829,Falcon 9,FT,3,B1038,True,No attempt,no_attempt,5eb0e4c6b6c3bb0006eeb21d,Paz,1350.0,SSO,HisdeSAT,Spain,False
56,2018-02-22 14:17:00+00:00,2018,2018-02-22,VAFB SLC 4E,California,Vandenberg Space Force Base,34.632093,-120.610829,Falcon 9,FT,3,B1038,True,No attempt,no_attempt,5eb0e4c6b6c3bb0006eeb21e,Tintin A & B,800.0,SSO,SpaceX,United States,False
57,2018-03-06 05:33:00+00:00,2018,2018-03-06,CCSFS SLC 40,Florida,Cape Canaveral,28.5618571,-80.577366,Falcon 9,FT,4,B1044,True,No attempt,no_attempt,5eb0e4c7b6c3bb0006eeb21f,Hispasat 30W-6,6092.0,GTO,Hispasat,Spain,False
58,2018-03-30 14:13:51+00:00,2018,2018-03-30,VAFB SLC 4E,California,Vandenberg Space Force Base,34.632093,-120.610829,Falcon 9,FT,4,B1041,True,No attempt,no_attempt,5eb0e4c7b6c3bb0006eeb220,Iridium NEXT 5,9600.0,PO,Iridium Communications,United States,False
59,2018-04-02 20:30:41+00:00,2018,2018-04-02,CCSFS SLC 40,Florida,Cape Canaveral,28.5618571,-80.577366,Falcon 9,FT,4,B1039,True,No attempt,no_attempt,5eb0e4c7b6c3bb0006eeb221,CRS-14,2760.0,ISS,NASA (CRS),United States,True
60,2018-04-18 22:51:00+00:00,2018,2018-04-18,CCSFS SLC 40,Florida,Cape Canaveral,28.5618571,-80.577366,Falcon 9,FT,4,B1045,True,Success (drone ship),drone,5eb0e4c7b6c3bb0006eeb222,TESS,350.0,HEO,NASA,United States,True
61,2018-05-11 20:14:00+00:00,2018,2018-05-11,KSC LC 39A,Florida,Cape Canaveral,28.6080585,-80.6039558,Falcon 9,Block 5,5,B1046,True,Success (drone ship),drone,5eb0e4c7b6c3bb0006eeb223,Bangabandhu-1,3750.0,GTO,Bangladesh Gov,Bangladesh,False
62,2018-05-22 19:47:58+00:00,2018,2018-05-22,VAFB SLC 4E,California,Vandenberg Space Force Base,34.632093,-120.610829,Falcon 9,Block 5,4,B1043,True,No attempt,no_attempt,5eb0e4c7b6c3bb0006eeb224,Iridium NEXT 6,4300.0,PO,Iridium Communications,United States,False
62,2018-05-22 19:47:58+00:00,2018,2018-05-22,VAFB SLC 4E,California,Vandenberg Space Force Base,34.632093,-120.610829,Falcon 9,Block 5,4,B1043,True,No attempt,no_attempt,5eb0e4c8b6c3bb0006eeb225,GRACE-FO 1-2,1160.0,PO,"NASA, DLR",,True
63,2018-06-04 04:45:00+00:00,2018,2018-06-04,CCSFS SLC 40,Florida,Cape Canaveral,28.5618571,-80.577366,Falcon 9,Block 5,4,B1040,True,No attempt,no_attempt,5eb0e4c8b6c3bb0006eeb226,SES-12,5383.85,GTO,SES,Luxembourg,False
64,2018-06-29 09:42:00+00:00,2018,2018-06-29,CCSFS SLC 40,Florida,Cape Canaveral,28.5618571,-80.577366,Falcon 9,Block 5,4,B1045,True,No attempt,no_attempt,5eb0e4c8b6c3bb0006eeb227,CRS-15,2410.0,ISS,NASA (CRS),United States,True
65,2018-07-22 05:50:00+00:00,2018,2018-07-22,CCSFS SLC 40,Florida,Cape Canaveral,28.5618571,-80.577366,Falcon 9,Block 5,5,B1047,True,Success (drone ship),drone,5eb0e4c8b6c3bb0006eeb228,Telstar 19V,7076.0,GTO,Telesat,Canada,False
66,2018-07-25 11:39:26+00:00,2018,2018-07-25,VAFB SLC 4E,California,Vandenberg Space Force Base,34.632093,-120.610829,Falcon 9,Block 5,5,B1048,True,Success (drone ship),drone,5eb0e4c9b6c3bb0006eeb229,Iridium NEXT 7,9600.0,PO,Iridium Communications,United States,False
67,2018-08-07 05:18:00+00:00,2018,2018-08-07,CCSFS SLC 40,Florida,Cape Canaveral,28.5618571,-80.577366,Falcon 9,Block 5,5,B1046,True,Success (drone ship),drone,5eb0e4c9b6c3bb0006eeb22a,Telkom-4,5800.0,GTO,Telkom,Indonesia,False
68,2018-09-10 04:45:00+00:00,2018,2018-09-10,CCSFS SLC 40,Florida,Cape Canaveral,28.5618571,-80.577366,Falcon 9,Block 5,5,B1049,True,Success (drone ship),drone,5eb0e4c9b6c3bb0006eeb22b,Telstar 18V,7060.0,GTO,Telesat,Canada,False
69,2018-10-08 02:22:00+00:00,2018,2018-10-08,VAFB SLC 4E,California,Vandenberg Space Force Base,34.632093,-120.610829,Falcon 9,Block 5,5,B1048,True,Success (ground pad),ground,5eb0e4c9b6c3bb0006eeb22c,SAOCOM 1A,2800.0,SSO,CONAE,Argentina,False
70,2018-11-15 20:46:00+00:00,2018,2018-11-15,KSC LC 39A,Florida,Cape Canaveral,28.6080585,-80.6039558,Falcon 9,Block 5,5,B1047,True,Success (drone ship),drone,5eb0e4c9b6c3bb0006eeb22d,Es’hail 2,3000.0,GTO,Es’hailSat,Qatar,False
71,2018-12-03 18:34:00+00:00,2018,2018-12-03,VAFB SLC 4E,California,Vandenberg Space Force Base,34.632093,-120.610829,Falcon 9,Block 5,5,B1046,True,Success (drone ship),drone,5eb0e4c9b6c3bb0006eeb22e,SSO-A,4000.0,SSO,"Spaceflight Industries, Inc",United States,False
72,2018-12-05 18:16:00+00:00,2018,2018-12-05,CCSFS SLC 40,Florida,Cape Canaveral,28.5618571,-80.577366,Falcon 9,Block 5,5,B1050,True,Failure (ground pad),ground,5eb0e4cab6c3bb0006eeb22f,CRS-16,2573.0,ISS,NASA (CRS),United States,True
73,2018-12-23 13:51:00+00:00,2018,2018-12-23,CCSFS SLC 40,Florida,Cape Canaveral,28.5618571,-80.577366,Falcon 9,Block 5,5,B1054,True,No attempt,no_attempt,5eb0e4cab6c3bb0006eeb230,GPS III SV01,4400.0,MEO,USAF,United States,False
74,2019-01-11 15:31:00+00:00,2019,2019-01-11,VAFB SLC 4E,California,Vandenberg Space Force Base,34.632093,-120.610829,Falcon 9,Block 5,5,B1049,True,Success (drone ship),drone,5eb0e4cab6c3bb0006eeb231,Iridium NEXT 8,9600.0,PO,Iridium Communications,United States,False
75,2019-02-22 01:45:00+00:00,2019,2019-02-22,CCSFS SLC 40,Florida,Cape Canaveral,28.5618571,-80.577366,Falcon 9,Block 5,5,B1048,True,Success (drone ship),drone,5eb0e4cab6c3bb0006eeb232,Nusantara Satu (PSN-6),5000.0,GTO,Pasifik Satelit Nusantara,Indonesia,False
75,2019-02-22 01:45:00+00:00,2019,2019-02-22,CCSFS SLC 40,Florida,Cape Canaveral,28.5618571,-80.577366,Falcon 9,Block 5,5,B1048,True,Success (drone ship),drone,5eb0e4cab6c3bb0006eeb233,S5,60.0,GTO,Air Force Research Laboratory,United States,False
75,2019-02-22 01:45:00+00:00,2019,2019-02-22,CCSFS SLC 40,Florida,Cape Canaveral,28.5618571,-80.577366,Falcon 9,Block 5,5,B1048,True,Success (drone ship),drone,5eb0e4cab6c3bb0006eeb234,Beresheet,585.0,GTO,SpaceIL,Israel,False
76,2019-03-02 07:45:00+00:00,2019,2019-03-02,KSC LC 39A,Florida,Cape Canaveral,28.6080585,-80.6039558,Falcon 9,Block 5,5,B1051,True,Success (drone ship),drone,5eb0e4cbb6c3bb0006eeb235,CCtCap Demo Mission 1,12259.0,ISS,NASA (CCtCap),United States,True
78,2019-05-04 06:48:00+00:00,2019,2019-05-04,CCSFS SLC 40,Florida,Cape Canaveral,28.5618571,-80.577366,Falcon 9,Block 5,5,B1056,True,Success (drone ship),drone,5eb0e4cbb6c3bb0006eeb237,CRS-17,2482.0,ISS,NASA (CRS),United States,True
79,2019-05-24 02:30:00+00:00,2019,2019-05-24,CCSFS SLC 40,Florida,Cape Canaveral,28.5618571,-80.577366,Falcon 9,Block 5,5,B1049,True,Success (drone ship),drone,5eb0e4cbb6c3bb0006eeb238,Starlink v0.9,13200.0,VLEO,SpaceX,United States,False
80,2019-06-12 14:17:00+00:00,2019,2019-06-12,VAFB SLC 4E,California,Vandenberg Space Force Base,34.632093,-120.610829,Falcon 9,Block 5,5,B1051,True,Success (ground pad),ground,5eb0e4ccb6c3bb0006eeb239,RADARSAT Constellation,1425.0,SSO,CSA,Canada,False
82,2019-07-25 22:01:00+00:00,2019,2019-07-25,CCSFS SLC 40,Florida,Cape Canaveral,28.5618571,-80.577366,Falcon 9,Block 5,5,B1056,True,Success (ground pad),ground,5eb0e4ceb6c3bb0006eeb24a,CRS-18,2227.7,ISS,NASA (CRS),United States,True
83,2019-08-06 22:52:00+00:00,2019,2019-08-06,CCSFS SLC 40,Florida,Cape Canaveral,28.5618571,-80.577366,Falcon 9,Block 5,5,B1047,True,No attempt,no_attempt,5eb0e4cfb6c3bb0006eeb24b,Amos-17,6500.0,GTO,Spacecom,Israel,False
84,2019-11-11 14:56:00+00:00,2019,2019-11-11,CCSFS SLC 40,Florida,Cape Canaveral,28.5618571,-80.577366,Falcon 9,Block 5,5,B1048,True,Success (drone ship),drone,5eb0e4cfb6c3bb0006eeb24c,Starlink-1,15600.0,VLEO,SpaceX,United States,False
85,2019-12-05 17:29:23+00:00,2019,2019-12-05,CCSFS SLC 40,Florida,Cape Canaveral,28.5618571,-80.577366,Falcon 9,Block 5,5,B1059,True,Success (drone ship),drone,5eb0e4cfb6c3bb0006eeb24d,CRS-19,5000.0,ISS,NASA (CRS),United States,True
86,2019-12-17 00:10:00+00:00,2019,2019-12-17,CCSFS SLC 40,Florida,Cape Canaveral,28.5618571,-80.577366,Falcon 9,Block 5,5,B1056,True,Success (drone ship),drone,5eb0e4cfb6c3bb0006eeb24e,JCSat 18 / Kacific 1,6800.0,GTO,"SKY Perfect JSAT Corporation, Kacific Broadband Satellites Pte Ltd",Japan,False
87,2020-01-07 02:19:00+00:00,2020,2020-01-07,CCSFS SLC 40,Florida,Cape Canaveral,28.5618571,-80.577366,Falcon 9,Block 5,5,B1049,True,Success (drone ship),drone,5eb0e4cfb6c3bb0006eeb24f,Starlink-2,15600.0,VLEO,SpaceX,United States,False
88,2020-01-19 14:00:00+00:00,2020,2020-01-19,KSC LC 39A,Florida,Cape Canaveral,28.6080585,-80.6039558,Falcon 9,Block 5,5,B1046,True,No attempt,no_attempt,5eb0e4d0b6c3bb0006eeb250,Crew Dragon In Flight Abort Test,,SO,NASA (CCtCap),United States,True
89,2020-01-29 14:06:00+00:00,2020,2020-01-29,CCSFS SLC 40,Florida,Cape Canaveral,28.5618571,-80.577366,Falcon 9,Block 5,5,B1051,True,Success (drone ship),drone,5eb0e4d0b6c3bb0006eeb251,Starlink-3,15600.0,VLEO,SpaceX,United States,False
90,2020-02-17 15:05:55+00:00,2020,2020-02-17,CCSFS SLC 40,Florida,Cape Canaveral,28.5618571,-80.577366,Falcon 9,Block 5,5,B1056,True,Failure (drone ship),drone,5eb0e4d0b6c3bb0006eeb252,Starlink-4,15600.0,VLEO,SpaceX,United States,False
91,2020-03-07 04:50:31+00:00,2020,2020-03-07,CCSFS SLC 40,Florida,Cape Canaveral,28.5618571,-80.577366,Falcon 9,Block 5,5,B1059,True,Success (ground pad),ground,5eb0e4d0b6c3bb0006eeb253,CRS-20,1977.0,ISS,NASA (CRS),United States,True
92,2020-03-18 12:16:00+00:00,2020,2020-03-18,KSC LC 39A,Florida,Cape Canaveral,28.6080585,-80.6039558,Falcon 9,Block 5,5,B1048,True,Failure (drone ship),drone,5eb0e4d0b6c3bb0006eeb254,Starlink-5,15600.0,VLEO,SpaceX,United States,False
93,2020-04-22 19:30:00+00:00,2020,2020-04-22,KSC LC 39A,Florida,Cape Canaveral,28.6080585,-80.6039558,Falcon 9,Block 5,5,B1051,True,Success (drone ship),drone,5eb0e4d1b6c3bb0006eeb255,Starlink-6,15600.0,VLEO,SpaceX,United States,False
94,2020-05-30 19:22:00+00:00,2020,2020-05-30,KSC LC 39A,Florida,Cape Canaveral,28.6080585,-80.6039558,Falcon 9,Block 5,5,B1058,True,Success (drone ship),drone,5eb0e4d1b6c3bb0006eeb257,CCtCap Demo Mission 2,9525.0,ISS,NASA (CCtCap),United States,True
95,2020-06-04 01:25:00+00:00,2020,2020-06-04,CCSFS SLC 40,Florida,Cape Canaveral,28.5618571,-80.577366,Falcon 9,Block 5,5,B1049,True,Success (drone ship),drone,5eb0e4d1b6c3bb0006eeb256,Starlink-7,15600.0,VLEO,SpaceX,United States,False
96,2020-06-13 09:21:00+00:00,2020,2020-06-13,CCSFS SLC 40,Florida,Cape Canaveral,28.5618571,-80.577366,Falcon 9,Block 5,5,B1059,True,Success (drone ship),drone,5eb0e4d1b6c3bb0006eeb258,Starlink-8,15600.0,VLEO,SpaceX,United States,False
97,2020-06-30 19:55:00+00:00,2020,2020-06-30,CCSFS SLC 40,Florida,Cape Canaveral,28.5618571,-80.577366,Falcon 9,Block 5,5,B1060,True,Success (drone ship),drone,5eb0e4d2b6c3bb0006eeb25c,GPS III SV03 (Columbus),3880.0,MEO,USAF,United States,False
98,2020-07-20 21:30:00+00:00,2020,2020-07-20,CCSFS SLC 40,Florida,Cape Canaveral,28.5618571,-80.577366,Falcon 9,Block 5,5,B1058,True,Success (drone ship),drone,5eb0e4d2b6c3bb0006eeb25b,ANASIS-II,,GEO,South Korea,South Korea,False
99,2020-08-07 05:12:00+00:00,2020,2020-08-07,KSC LC 39A,Florida,Cape Canaveral,28.6080585,-80.6039558,Falcon 9,Block 5,5,B1051,True,Success (drone ship),drone,5ed9858b1f30554030d45c3e,Starlink-9,15600.0,VLEO,SpaceX,United States,False
99,2020-08-07 05:12:00+00:00,2020,2020-08-07,KSC LC 39A,Florida,Cape Canaveral,28.6080585,-80.6039558,Falcon 9,Block 5,5,B1051,True,Success (drone ship),drone,5ee522e32f1f3d474c758123,BlackSky Global 5-6,112.0,SSO,BlackSky Global,United States,False
100,2020-08-18 14:31:00+00:00,2020,2020-08-18,CCSFS SLC 40,Florida,Cape Canaveral,28.5618571,-80.577366,Falcon 9,Block 5,5,B1049,True,Success (drone ship),drone,5ed9859f1f30554030d45c3f,Starlink-10,15600.0,VLEO,SpaceX,United States,False
101,2020-08-30 23:18:00+00:00,2020,2020-08-30,CCSFS SLC 40,Florida,Cape Canaveral,28.5618571,-80.577366,Falcon 9,Block 5,5,B1059,True,Success (ground pad),ground,5eb0e4d1b6c3bb0006eeb259,SAOCOM 1B,1600.0,SSO,CONAE,Argentina,False
102,2020-09-03 12:46:00+00:00,2020,2020-09-03,KSC LC 39A,Florida,Cape Canaveral,28.6080585,-80.6039558,Falcon 9,Block 5,5,B1060,True,Success (drone ship),drone,5ef6a4600059c33cee4a829e,Starlink-11,15600.0,VLEO,SpaceX,United States,False
103,2020-10-06 11:29:00+00:00,2020,2020-10-06,KSC LC 39A,Florida,Cape Canaveral,28.6080585,-80.6039558,Falcon 9,Block 5,5,B1058,True,Success (drone ship),drone,5ef6a48e0059c33cee4a829f,Starlink-12,15600.0,VLEO,SpaceX,United States,False
104,2020-10-18 12:25:00+00:00,2020,2020-10-18,KSC LC 39A,Florida,Cape Canaveral,28.6080585,-80.6039558,Falcon 9,Block 5,5,B1051,True,Success (drone ship),drone,5ef6a4d50059c33cee4a82a1,Starlink-13,15600.0,VLEO,SpaceX,United States,False
105,2020-10-24 15:31:00+00:00,2020,2020-10-24,CCSFS SLC 40,Florida,Cape Canaveral,28.5618571,-80.577366,Falcon 9,Block 5,5,B1060,True,Success (drone ship),drone,5ef6a4ea0059c33cee4a82a2,Starlink-14,15600.0,VLEO,SpaceX,United States,False
106,2020-11-05 23:24:00+00:00,2020,2020-11-05,CCSFS SLC 40,Florida,Cape Canaveral,28.5618571,-80.577366,Falcon 9,Block 5,5,B1062,True,Success (drone ship),drone,5eb0e4d2b6c3bb0006eeb25e,GPS III SV04 (Sacagawea),3681.0,MEO,United States Space Force,United States,False
107,2020-11-16 00:27:00+00:00,2020,2020-11-16,KSC LC 39A,Florida,Cape Canaveral,28.6080585,-80.6039558,Falcon 9,Block 5,5,B1061,True,Success (drone ship),drone,5eb0e4d2b6c3bb0006eeb25f,Crew-1,,ISS,NASA (CCtCap),United States,True
108,2020-11-21 17:17:00+00:00,2020,2020-11-21,VAFB SLC 4E,California,Vandenberg Space Force Base,34.632093,-120.610829,Falcon 9,Block 5,5,B1063,True,Success (ground pad),ground,5ed9867c1f30554030d45c40,Sentinel-6 Michael Freilich,1440.0,PO,NASA,United States,True
109,2020-11-25 02:13:00+00:00,2020,2020-11-25,CCSFS SLC 40,Florida,Cape Canaveral,28.5618571,-80.577366,Falcon 9,Block 5,5,B1049,True,Success (drone ship),drone,5fb95c263a88ae63c9546044,Starlink-15,15600.0,VLEO,SpaceX,United States,False
110,2020-12-06 16:17:00+00:00,2020,2020-12-06,KSC LC 39A,Florida,Cape Canaveral,28.6080585,-80.6039558,Falcon 9,Block 5,5,B1058,True,Success (drone ship),drone,5eb0e4d3b6c3bb0006eeb262,CRS-21,2972.0,ISS,NASA (CRS),United States,True
111,2020-12-13 17:30:00+00:00,2020,2020-12-13,CCSFS SLC 40,Florida,Cape Canaveral,28.5618571,-80.577366,Falcon 9,Block 5,5,B1051,True,Success (drone ship),drone,5eb0e4d2b6c3bb0006eeb25d,SXM-7,7000.0,GTO,SiriusXM,United States,False
112,2020-12-19 14:00:00+00:00,2020,2020-12-19,KSC LC 39A,Florida,Cape Canaveral,28.6080585,-80.6039558,Falcon 9,Block 5,5,B1059,True,Success (ground pad),ground,5f839ac7818d8b59f5740d48,NROL-108,,,National Reconnaissance Office,United States,False
113,2021-01-08 02:15:00+00:00,2021,2021-01-08,CCSFS SLC 40,Florida,Cape Canaveral,28.5618571,-80.577366,Falcon 9,Block 5,5,B1060,True,Success (drone ship),drone,5eb0e4d3b6c3bb0006eeb264,Turksat 5A,3500.0,GTO,Turksat,Turkey,False
114,2021-01-20 13:02:00+00:00,2021,2021-01-20,KSC LC 39A,Florida,Cape Canaveral,28.6080585,-80.6039558,Falcon 9,Block 5,5,B1051,True,Success (drone ship),drone,5fbfedba54ceb10a5664c813,Starlink-16,15600.0,VLEO,SpaceX,United States,False
115,2021-01-24 15:00:00+00:00,2021,2021-01-24,CCSFS SLC 40,Florida,Cape Canaveral,28.5618571,-80.577366,Falcon 9,Block 5,5,B1058,True,Success (drone ship),drone,5fd3871a7faea57d297c86c6,Transporter-1,,SSO,,United States,False
116,2021-02-04 06:19:00+00:00,2021,2021-02-04,CCSFS SLC 40,Florida,Cape Canaveral,28.5618571,-80.577366,Falcon 9,Block 5,5,B1060,True,Success (drone ship),drone,5ff655769257f579ee3a6c64,Starlink-18,15600.0,VLEO,SpaceX,United States,False
117,2021-02-16 03:59:00+00:00,2021,2021-02-16,CCSFS SLC 40,Florida,Cape Canaveral,28.5618571,-80.577366,Falcon 9,Block 5,5,B1059,True,Failure (drone ship),drone,600f9bc08f798e2a4d5f97a4,Starlink-19,15600.0,VLEO,SpaceX,United States,False
118,2021-03-04 08:24:00+00:00,2021,2021-03-04,KSC LC 39A,Florida,Cape Canaveral,28.6080585,-80.6039558,Falcon 9,Block 5,5,B1049,True,Success (drone ship),drone,5fbfedc654ceb10a5664c814,Starlink-17,15600.0,VLEO,SpaceX,United States,False
119,2021-03-11 08:13:00+00:00,2021,2021-03-11,CCSFS SLC 40,Florida,Cape Canaveral,28.5618571,-80.577366,Falcon 9,Block 5,5,B1058,True,Success (drone ship),drone,600f9bcb8f798e2a4d5f97a5,Starlink-20,15600.0,VLEO,SpaceX,United States,False
120,2021-03-14 10:01:00+00:00,2021,2021-03-14,KSC LC 39A,Florida,Cape Canaveral,28.6080585,-80.6039558,Falcon 9,Block 5,5,B1051,True,Success (drone ship),drone,600f9bd88f798e2a4d5f97a6,Starlink-21,15600.0,VLEO,SpaceX,United States,False
121,2021-03-24 08:28:00+00:00,2021,2021-03-24,CCSFS SLC 40,Florida,Cape Canaveral,28.5618571,-80.577366,Falcon 9,Block 5,5,B1060,True,Success (drone ship),drone,60428afbc041c16716f73cdd,Starlink-22,15600.0,VLEO,SpaceX,United States,False
122,2021-04-07 16:34:00+00:00,2021,2021-04-07,CCSFS SLC 40,Florida,Cape Canaveral,28.5618571,-80.577366,Falcon 9,Block 5,5,B1058,True,Success (drone ship),drone,60428b02c041c16716f73cde,Starlink-23,15600.0,VLEO,SpaceX,United States,False
123,2021-04-23 09:49:00+00:00,2021,2021-04-23,KSC LC 39A,Florida,Cape Canaveral,28.6080585,-80.6039558,Falcon 9,Block 5,5,B1061,True,Success (drone ship),drone,5fe3b3adb3467846b3242173,Crew-2,,ISS,NASA (CCtCap),United States,True
124,2021-04-29 03:44:00+00:00,2021,2021-04-29,CCSFS SLC 40,Florida,Cape Canaveral,28.5618571,-80.577366,Falcon 9,Block 5,5,B1060,True,Success (drone ship),drone,605b4be3aa5433645e37d046,Starlink-24,15600.0,VLEO,SpaceX,United States,False
125,2021-05-04 19:01:00+00:00,2021,2021-05-04,KSC LC 39A,Florida,Cape Canaveral,28.6080585,-80.6039558,Falcon 9,Block 5,5,B1049,True,Success (drone ship),drone,605b4befaa5433645e37d047,Starlink-25,15600.0,VLEO,SpaceX,United States,False
126,2021-05-09 06:42:00+00:00,2021,2021-05-09,CCSFS SLC 40,Florida,Cape Canaveral,28.5618571,-80.577366,Falcon 9,Block 5,5,B1051,True,Success (drone ship),drone,6079bd5e9a06446e8c61bf7c,Starlink-27,15600.0,VLEO,SpaceX,United States,False
127,2021-05-15 22:54:00+00:00,2021,2021-05-15,KSC LC 39A,Florida,Cape Canaveral,28.6080585,-80.6039558,Falcon 9,Block 5,5,B1058,True,Success (drone ship),drone,605b4bfcaa5433645e37d048,Starlink-26,13520.0,VLEO,SpaceX,United States,False
127,2021-05-15 22:54:00+00:00,2021,2021-05-15,KSC LC 39A,Florida,Cape Canaveral,28.6080585,-80.6039558,Falcon 9,Block 5,5,B1058,True,Success (drone ship),drone,609f48374a12e4692eae4667,Capella-6,112.0,LEO,Capella Space,United States,False
127,2021-05-15 22:54:00+00:00,2021,2021-05-15,KSC LC 39A,Florida,Cape Canaveral,28.6080585,-80.6039558,Falcon 9,Block 5,5,B1058,True,Success (drone ship),drone,609f49c64a12e4692eae4668,Tyvak-0130,,LEO,"Tyvak Nano-Satellite Systems Inc, NOAA",United States,False
128,2021-05-26 18:59:00+00:00,2021,2021-05-26,CCSFS SLC 40,Florida,Cape Canaveral,28.5618571,-80.577366,Falcon 9,Block 5,5,B1063,True,Success (drone ship),drone,6079bd679a06446e8c61bf7d,Starlink-28,15600.0,VLEO,SpaceX,United States,False
129,2021-06-03 17:29:00+00:00,2021,2021-06-03,KSC LC 39A,Florida,Cape Canaveral,28.6080585,-80.6039558,Falcon 9,Block 5,5,B1067,True,Success (drone ship),drone,5fe3b642b3467846b324217b,CRS-22,3328.0,ISS,NASA (CRS),United States,True
130,2021-06-06 04:26:00+00:00,2021,2021-06-06,CCSFS SLC 40,Florida,Cape Canaveral,28.5618571,-80.577366,Falcon 9,Block 5,5,B1061,True,Success (drone ship),drone,5fe3b57db3467846b324217a,SXM-8,7000.0,GTO,SiriusXM,United States,False
131,2021-06-17 16:09:00+00:00,2021,2021-06-17,CCSFS SLC 40,Florida,Cape Canaveral,28.5618571,-80.577366,Falcon 9,Block 5,5,B1062,True,Success (drone ship),drone,5eb0e4d2b6c3bb0006eeb261,GPS III SV05,3681.0,MEO,USAF,United States,False
132,2021-06-30 19:31:00+00:00,2021,2021-06-30,CCSFS SLC 40,Florida,Cape Canaveral,28.5618571,-80.577366,Falcon 9,Block 5,5,B1060,True,Success (ground pad),ground,608ac397eb3e50044e3630e7,Transporter-2,,SSO,,United States,False
133,2021-08-29 07:14:00+00:00,2021,2021-08-29,KSC LC 39A,Florida,Cape Canaveral,28.6080585,-80.6039558,Falcon 9,Block 5,5,B1061,True,Success (drone ship),drone,5fe3c4f2b3467846b3242193,CRS-23,,ISS,NASA (CRS),United States,True
134,2021-09-14 03:55:00+00:00,2021,2021-09-14,VAFB SLC 4E,California,Vandenberg Space Force Base,34.632093,-120.610829,Falcon 9,Block 5,5,B1049,True,Success (drone ship),drone,60e3bf3373359e1e20335c3c,Starlink 2-1 (v1.5),15600.0,PO,SpaceX,United States,False
135,2021-09-16 00:02:00+00:00,2021,2021-09-16,KSC LC 39A,Florida,Cape Canaveral,28.6080585,-80.6039558,Falcon 9,Block 5,5,B1062,True,Success (drone ship),drone,607a382f5a906a44023e0867,Inspiration4,,LEO,Jared Isaacman,United States,False
136,2021-11-11 02:03:00+00:00,2021,2021-11-11,KSC LC 39A,Florida,Cape Canaveral,28.6080585,-80.6039558,Falcon 9,Block 5,5,B1067,True,Success (drone ship),drone,5fe3b3bab3467846b3242174,Crew-3,12519.0,ISS,NASA (CCtCap),United States,True
137,2021-11-13 12:40:00+00:00,2021,2021-11-13,CCSFS SLC 40,Florida,Cape Canaveral,28.5618571,-80.577366,Falcon 9,Block 5,5,B1058,True,Success (drone ship),drone,618fabf0563d69573ed8caa6,Starlink 4-1 (v1.5),13260.0,LEO,SpaceX,United States,False
138,2021-11-24 06:20:00+00:00,2021,2021-11-24,VAFB SLC 4E,California,Vandenberg Space Force Base,34.632093,-120.610829,Falcon 9,Block 5,5,B1063,True,Success (drone ship),drone,5fe3c4a6b3467846b3242192,DART (Double Asteroid Redirection Test),670.0,TLI,NASA,United States,True
139,2021-12-01 23:20:00+00:00,2021,2021-12-01,CCSFS SLC 40,Florida,Cape Canaveral,28.5618571,-80.577366,Falcon 9,Block 5,5,B1060,True,Success (drone ship),drone,6161d0f26db1a92bfba85355,Starlink 4-3 (v1.5),13260.0,PO,SpaceX,United States,False
140,2021-12-09 06:00:00+00:00,2021,2021-12-09,KSC LC 39A,Florida,Cape Canaveral,28.6080585,-80.6039558,Falcon 9,Block 5,5,B1061,True,Success (drone ship),drone,61c1f395a4a2462678cbf46e,IPXE,330.0,LEO,"NASA, ASI",United States,True
141,2021-12-18 12:41:40+00:00,2021,2021-12-18,VAFB SLC 4E,California,Vandenberg Space Force Base,34.632093,-120.610829,Falcon 9,Block 5,5,B1051,True,Success (drone ship),drone,61bbac16437241381bf70632,Starlink 4-4 (v1.5),13260.0,PO,SpaceX,United States,False
142,2021-12-19 03:58:00+00:00,2021,2021-12-19,CCSFS SLC 40,Florida,Cape Canaveral,28.5618571,-80.577366,Falcon 9,Block 5,5,B1067,True,Success (drone ship),drone,5fe3c080b3467846b3242190,Türksat 5B,3500.0,GTO,Turksat,Turkey,False
143,2021-12-21 10:06:00+00:00,2021,2021-12-21,KSC LC 39A,Florida,Cape Canaveral,28.6080585,-80.6039558,Falcon 9,Block 5,5,B1069,True,Success (drone ship),drone,6161d22a6db1a92bfba85357,CRS-24,,ISS,NASA (CRS),United States,True
144,2022-01-06 21:49:00+00:00,2022,2022-01-06,KSC LC 39A,Florida,Cape Canaveral,28.6080585,-80.6039558,Falcon 9,Block 5,5,B1062,True,Success (drone ship),drone,61d5ece4f88e4c5fc91f1ebb,Starlink 4-5 (v1.5),13260.0,VLEO,SpaceX,United States,False
145,2022-01-13 15:25:00+00:00,2022,2022-01-13,CCSFS SLC 40,Florida,Cape Canaveral,28.5618571,-80.577366,Falcon 9,Block 5,5,B1058,True,Success (ground pad),ground,6175aaacefa4314085aa9c56,NROL-87,,LEO,"National Reconnaissance Office, USAF",United States,False
146,2022-01-19 00:04:00+00:00,2022,2022-01-19,KSC LC 39A,Florida,Cape Canaveral,28.6080585,-80.6039558,Falcon 9,Block 5,5,B1060,True,Success (drone ship),drone,61e05516be8d8b66799018d4,Starlink 4-6 (v1.5),13260.0,VLEO,SpaceX,United States,False
147,2022-01-31 23:11:12+00:00,2022,2022-01-31,CCSFS SLC 40,Florida,Cape Canaveral,28.5618571,-80.577366,Falcon 9,Block 5,5,B1052,True,Success (ground pad),ground,6161d3a06db1a92bfba8535a,CSG-2,2240.0,SSO,ESA,,False
148,2022-02-02 20:18:00+00:00,2022,2022-02-02,VAFB SLC 4E,California,Vandenberg Space Force Base,34.632093,-120.610829,Falcon 9,Block 5,5,B1071,True,Success (ground pad),ground,6175aaacefa4314085aa9c56,NROL-87,,LEO,"National Reconnaissance Office, USAF",United States,False
149,2022-02-03 18:13:00+00:00,2022,2022-02-03,KSC LC 39A,Florida,Cape Canaveral,28.6080585,-80.6039558,Falcon 9,Block 5,5,B1061,True,Success (drone ship),drone,61e05520be8d8b66799018d5,Starlink 4-7 (v1.5),13260.0,VLEO,SpaceX,United States,False
150,2022-02-21 14:44:00+00:00,2022,2022-02-21,CCSFS SLC 40,Florida,Cape Canaveral,28.5618571,-80.577366,Falcon 9,Block 5,5,B1058,True,Success (drone ship),drone,61fc02e1e0dc5662b76489b4,Starlink 4-8 (v1.5),13260.0,VLEO,SpaceX,United States,False
151,2022-02-25 17:12:00+00:00,2022,2022-02-25,VAFB SLC 4E,California,Vandenberg Space Force Base,34.632093,-120.610829,Falcon 9,Block 5,5,B1063,True,Success (drone ship),drone,61fc0334e0dc5662b76489b5,Starlink 4-11 (v1.5),13260.0,VLEO,SpaceX,United States,False
152,2022-03-03 14:35:00+00:00,2022,2022-03-03,KSC LC 39A,Florida,Cape Canaveral,28.6080585,-80.6039558,Falcon 9,Block 5,5,B1060,True,Success (drone ship),drone,61fc0379e0dc5662b76489b6,Starlink 4-9 (v1.5),13260.0,VLEO,SpaceX,United States,False
153,2022-03-09 13:45:00+00:00,2022,2022-03-09,CCSFS SLC 40,Florida,Cape Canaveral,28.5618571,-80.577366,Falcon 9,Block 5,5,B1052,True,Success (drone ship),drone,61fc0382e0dc5662b76489b7,Starlink 4-10 (v1.5),13260.0,VLEO,SpaceX,United States,False
154,2022-03-19 03:24:00+00:00,2022,2022-03-19,CCSFS SLC 40,Florida,Cape Canaveral,28.5618571,-80.577366,Falcon 9,Block 5,5,B1051,True,Success (drone ship),drone,623491e5f051102e1fcedac9,Starlink 4-12 (v1.5),13260.0,VLEO,SpaceX,United States,False
155,2022-04-01 16:24:00+00:00,2022,2022-04-01,CCSFS SLC 40,Florida,Cape Canaveral,28.5618571,-80.577366,Falcon 9,Block 5,5,B1061,True,Success (drone ship),drone,6243af62af52800c6e919260,Transporter-4,,SSO,,United States,False
156,2022-04-08 15:17:00+00:00,2022,2022-04-08,KSC LC 39A,Florida,Cape Canaveral,28.6080585,-80.6039558,Falcon 9,Block 5,5,B1062,True,Success (drone ship),drone,61eefb129eb1064137a1bd74,Ax-1,,ISS,Axiom Space,United States,False
157,2022-04-17 13:13:00+00:00,2022,2022-04-17,VAFB SLC 4E,California,Vandenberg Space Force Base,34.632093,-120.610829,Falcon 9,Block 5,5,B1071,True,Success (ground pad),ground,6243b036af52800c6e919262,NROL-85,,LEO,"USAF, National Reconnaissance Office",United States,False
158,2022-04-21 15:16:00+00:00,2022,2022-04-21,CCSFS SLC 40,Florida,Cape Canaveral,28.5618571,-80.577366,Falcon 9,Block 5,5,B1060,True,Success (drone ship),drone,6243af9faf52800c6e919261,Starlink 4-14 (v1.5),13260.0,VLEO,SpaceX,United States,False
159,2022-04-27 07:52:00+00:00,2022,2022-04-27,KSC LC 39A,Florida,Cape Canaveral,28.6080585,-80.6039558,Falcon 9,Block 5,5,B1067,True,Success (drone ship),drone,6243b1cdaf52800c6e919265,Crew-4,,ISS,NASA (CCtCap),United States,True
160,2022-04-29 21:27:00+00:00,2022,2022-04-29,CCSFS SLC 40,Florida,Cape Canaveral,28.5618571,-80.577366,Falcon 9,Block 5,5,B1062,True,Success (drone ship),drone,62582aa55988f159024b964d,Starlink 4-16 (v1.5),13260.0,VLEO,SpaceX,United States,False
161,2022-05-06 09:42:00+00:00,2022,2022-05-06,KSC LC 39A,Florida,Cape Canaveral,28.6080585,-80.6039558,Falcon 9,Block 5,5,B1058,True,Success (drone ship),drone,62582aad5988f159024b964e,Starlink 4-17 (v1.5),13260.0,VLEO,SpaceX,United States,False
162,2022-05-13 22:07:00+00:00,2022,2022-05-13,VAFB SLC 4E,California,Vandenberg Space Force Base,34.632093,-120.610829,Falcon 9,Block 5,5,B1063,True,Success (drone ship),drone,625829d75988f159024b9649,Starlink 4-13 (v1.5),13260.0,VLEO,SpaceX,United States,False
163,2022-05-14 20:40:00+00:00,2022,2022-05-14,CCSFS SLC 40,Florida,Cape Canaveral,28.5618571,-80.577366,Falcon 9,Block 5,5,B1073,True,Success (drone ship),drone,625829cf5988f159024b9648,Starlink 4-15 (v1.5),13260.0,VLEO,SpaceX,United States,False
164,2022-05-18 10:40:00+00:00,2022,2022-05-18,KSC LC 39A,Florida,Cape Canaveral,28.6080585,-80.6039558,Falcon 9,Block 5,5,B1052,True,Success (drone ship),drone,62615ee40ec008379be596fd,Starlink 4-18 (v1.5),13260.0,VLEO,SpaceX,United States,False
165,2022-05-25 18:27:00+00:00,2022,2022-05-25,CCSFS SLC 40,Florida,Cape Canaveral,28.5618571,-80.577366,Falcon 9,Block 5,5,B1061,True,Success (ground pad),ground,6243b39daf52800c6e919267,Transporter-5,,SSO,,United States,False
166,2022-06-08 21:04:00+00:00,2022,2022-06-08,CCSFS SLC 40,Florida,Cape Canaveral,28.5618571,-80.577366,Falcon 9,Block 5,5,B1062,True,Success (drone ship),drone,6243b286af52800c6e919266,Nilesat-301,3938.0,GEO,Nilesat,Egypt,False
167,2022-06-01 17:08:50+00:00,2022,2022-06-01,KSC LC 39A,Florida,Cape Canaveral,28.6080585,-80.6039558,Falcon 9,Block 5,5,B1060,True,Success (drone ship),drone,6278484e57b51b752c5c5a63,Starlink 4-19 (v1.5),13260.0,VLEO,SpaceX,United States,False
168,2022-06-18 14:19:00+00:00,2022,2022-06-18,VAFB SLC 4E,California,Vandenberg Space Force Base,34.632093,-120.610829,Falcon 9,Block 5,5,B1071,True,Success (ground pad),ground,5fe3b2abb3467846b3242172,SARah 1,2200.0,SSO,"OHB-System, AG, Bundeswehr",Germany,False
169,2022-06-19 04:27:00+00:00,2022,2022-06-19,CCSFS SLC 40,Florida,Cape Canaveral,28.5618571,-80.577366,Falcon 9,Block 5,5,B1061,True,Success (drone ship),drone,62adecbcd26f4f711fa53848,Globalstar FM15,700.0,LEO,Globalstar,United States,False
170,2022-06-29 21:04:00+00:00,2022,2022-06-29,CCSFS SLC 40,Florida,Cape Canaveral,28.5618571,-80.577366,Falcon 9,Block 5,5,B1073,True,Success (drone ship),drone,6243b93caf52800c6e91926f,SES-22,3500.0,MEO,SES,United States,False
171,2022-07-07 13:11:00+00:00,2022,2022-07-07,CCSFS SLC 40,Florida,Cape Canaveral,28.5618571,-80.577366,Falcon 9,Block 5,5,B1058,True,Success (drone ship),drone,630bccc6d36448026ab01639,Starlink 4-21 (v1.5),13260.0,VLEO,SpaceX,United States,False
172,2022-07-11 01:39:00+00:00,2022,2022-07-11,VAFB SLC 4E,California,Vandenberg Space Force Base,34.632093,-120.610829,Falcon 9,Block 5,5,B1063,,Success (drone ship),drone,630bccd6d36448026ab0163a,Starlink 3-1 (v1.5),13260.0,VLEO,SpaceX,United States,False
173,2022-07-15 00:44:00+00:00,2022,2022-07-15,KSC LC 39A,Florida,Cape Canaveral,28.6080585,-80.6039558,Falcon 9,Block 5,5,B1067,True,Success (drone ship),drone,6243b835af52800c6e91926d,CRS-25,,ISS,NASA (CRS),United States,True
174,2022-07-17 14:50:00+00:00,2022,2022-07-17,CCSFS SLC 40,Florida,Cape Canaveral,28.5618571,-80.577366,Falcon 9,Block 5,5,B1051,True,Success (drone ship),drone,630bce10d36448026ab0163b,Starlink 4-22 (v1.5),13260.0,VLEO,SpaceX,United States,False
175,2022-07-21 17:13:00+00:00,2022,2022-07-21,VAFB SLC 4E,California,Vandenberg Space Force Base,34.632093,-120.610829,Falcon 9,Block 5,5,B1071,True,Success (drone ship),drone,630bce49d36448026ab0163c,Starlink 3-2 (v1.5),13260.0,VLEO,SpaceX,United States,False
176,2022-07-24 00:00:00+00:00,2022,2022-07-24,CCSFS SLC 40,Florida,Cape Canaveral,28.5618571,-80.577366,Falcon 9,Block 5,5,B1062,True,Success (drone ship),drone,630bce79d36448026ab0163d,Starlink 4-25 (v1.5),13260.0,VLEO,SpaceX,United States,False
177,2022-08-04 23:08:00+00:00,2022,2022-08-04,CCSFS SLC 40,Florida,Cape Canaveral,28.5618571,-80.577366,Falcon 9,Block 5,5,B1052,True,Success (drone ship),drone,630bcfe1d36448026ab01641,KPLO,678.0,TLI,KARI,South Korea,False
178,2022-08-09 22:57:00+00:00,2022,2022-08-09,KSC LC 39A,Florida,Cape Canaveral,28.6080585,-80.6039558,Falcon 9,Block 5,5,B1073,True,Success (drone ship),drone,630bcea1d36448026ab0163e,Starlink 4-26 (v1.5),13260.0,VLEO,SpaceX,United States,False
179,2022-08-12 21:30:00+00:00,2022,2022-08-12,VAFB SLC 4E,California,Vandenberg Space Force Base,34.632093,-120.610829,Falcon 9,Block 5,5,B1061,True,Success (drone ship),drone,630bceb8d36448026ab01640,Starlink 3-3 (v1.5),13260.0,VLEO,SpaceX,United States,False
180,2022-08-19 19:24:00+00:00,2022,2022-08-19,CCSFS SLC 40,Florida,Cape Canaveral,28.5618571,-80.577366,Falcon 9,Block 5,5,B1062,True,Success (drone ship),drone,630bceadd36448026ab0163f,Starlink 4-27 (v1.5),13260.0,VLEO,SpaceX,United States,False
181,2022-08-28 02:22:00+00:00,2022,2022-08-28,KSC LC 39A,Florida,Cape Canaveral,28.6080585,-80.6039558,Falcon 9,Block 5,5,B1069,True,Success (drone ship),drone,631614d7ffc78f3b85670716,Starlink 4-23 (v1.5),13260.0,VLEO,SpaceX,United States,False
182,2022-08-31 05:40:00+00:00,2022,2022-08-31,VAFB SLC 4E,California,Vandenberg Space Force Base,34.632093,-120.610829,Falcon 9,Block 5,5,B1063,True,Success (drone ship),drone,630f63bf18702d4844fb5391,Starlink 3-4 (v1.5),13260.0,VLEO,SpaceX,United States,False
183,2022-09-05 02:09:00+00:00,2022,2022-09-05,CCSFS SLC 40,Florida,Cape Canaveral,28.5618571,-80.577366,Falcon 9,Block 5,5,B1052,True,Success (drone ship),drone,631614e9ffc78f3b85670717,Starlink 4-20 (v1.5),13260.0,VLEO,SpaceX,United States,False
183,2022-09-05 02:09:00+00:00,2022,2022-09-05,CCSFS SLC 40,Florida,Cape Canaveral,28.5618571,-80.577366,Falcon 9,Block 5,5,B1052,True,Success (drone ship),drone,631617fbffc78f3b8567071d,Varuna-TDM,180.0,VLEO,Boeing,United States,False
184,2022-09-11 01:10:00+00:00,2022,2022-09-11,KSC LC 39A,Florida,Cape Canaveral,28.6080585,-80.6039558,Falcon 9,Block 5,5,B1058,True,Success (drone ship),drone,63161610ffc78f3b85670718,Starlink 4-2 (v1.5),13260.0,VLEO,SpaceX,United States,False
184,2022-09-11 01:10:00+00:00,2022,2022-09-11,KSC LC 39A,Florida,Cape Canaveral,28.6080585,-80.6039558,Falcon 9,Block 5,5,B1058,True,Success (drone ship),drone,63161872ffc78f3b8567071e,BlueWalker 3,1500.0,VLEO,AST & Science,United States,False
185,2022-09-17 01:05:00+00:00,2022,2022-09-17,CCSFS SLC 40,Florida,Cape Canaveral,28.5618571,-80.577366,Falcon 9,Block 5,5,B1067,True,Success (drone ship),drone,63161699ffc78f3b85670719,Starlink 4-34 (v1.5),13260.0,VLEO,SpaceX,United States,False
186,2022-09-24 23:30:00+00:00,2022,2022-09-24,CCSFS SLC 40,Florida,Cape Canaveral,28.5618571,-80.577366,Falcon 9,Block 5,5,B1072,True,Success (drone ship),drone,631616a7ffc78f3b8567071a,Starlink 4-35 (v1.5),13260.0,VLEO,SpaceX,United States,False
187,2022-10-05 16:00:00+00:00,2022,2022-10-05,KSC LC 39A,Florida,Cape Canaveral,28.6080585,-80.6039558,Falcon 9,Block 5,5,B1077,True,Success (drone ship),drone,62dd73ed202306255024d145,Crew-5,,ISS,NASA (CCtCap),United States,True
